file_path,file_name,width,height,x_min,y_min,x_max,y_max,class_name
bbox/annotated_images/culex/Culex -174947.jpg,Culex -174947.jpg,3264,1840,988,472,1914,1260,head
bbox/annotated_images/culex/Culex -174947.jpg,Culex -174947.jpg,3264,1840,1139,1141,2259,1634,thorax
bbox/annotated_images/culex/Culex -481911.jpg,Culex -481911.jpg,4032,3024,2315,1918,2598,2304,head
bbox/annotated_images/culex/Culex -481911.jpg,Culex -481911.jpg,4032,3024,2544,1888,2786,2191,thorax
bbox/annotated_images/culex/Culex -481911.jpg,Culex -481911.jpg,4032,3024,2503,1488,2900,2086,abdomen
bbox/annotated_images/culex/Culex -481911.jpg,Culex -481911.jpg,4032,3024,2503,1230,3011,1707,lower
bbox/annotated_images/culex/Culex -481912.jpg,Culex -481912.jpg,3024,4032,885,1479,1120,1699,head
bbox/annotated_images/culex/Culex -481912.jpg,Culex -481912.jpg,3024,4032,823,1410,996,1625,thorax
bbox/annotated_images/culex/Culex -481912.jpg,Culex -481912.jpg,3024,4032,803,1133,1030,1476,abdomen
bbox/annotated_images/culex/Culex -481912.jpg,Culex -481912.jpg,3024,4032,748,1054,997,1288,lower
bbox/annotated_images/culex/Culex -481913.jpg,Culex -481913.jpg,3024,4032,858,1978,1264,2334,head
bbox/annotated_images/culex/Culex -481913.jpg,Culex -481913.jpg,3024,4032,1034,1804,1452,2315,thorax
bbox/annotated_images/culex/Culex -481913.jpg,Culex -481913.jpg,3024,4032,1244,2027,1591,2801,abdomen
bbox/annotated_images/culex/Culex -481913.jpg,Culex -481913.jpg,3024,4032,1386,2412,1879,2827,lower
bbox/annotated_images/culex/Culex -483701.jpg,Culex -483701.jpg,4160,2340,2722,348,2946,633,head
bbox/annotated_images/culex/Culex -483701.jpg,Culex -483701.jpg,4160,2340,2515,109,2864,765,thorax
bbox/annotated_images/culex/Culex -483701.jpg,Culex -483701.jpg,4160,2340,1996,176,2578,501,abdomen
bbox/annotated_images/culex/Culex -483701.jpg,Culex -483701.jpg,4160,2340,1781,176,1996,643,lower
bbox/annotated_images/culex/Culex -598890.jpg,Culex -598890.jpg,4032,3024,1841,105,2485,788,head
bbox/annotated_images/culex/Culex -598890.jpg,Culex -598890.jpg,4032,3024,2067,618,2750,1203,thorax
bbox/annotated_images/culex/Culex -598890.jpg,Culex -598890.jpg,4032,3024,2377,1151,2858,2848,abdomen
bbox/annotated_images/culex/Culex -598890.jpg,Culex -598890.jpg,4032,3024,2469,2855,2809,3015,lower
bbox/annotated_images/culex/Culex -598898.jpg,Culex -598898.jpg,4032,3024,1390,1831,1845,2292,head
bbox/annotated_images/culex/Culex -598898.jpg,Culex -598898.jpg,4032,3024,1501,1504,2018,1923,thorax
bbox/annotated_images/culex/Culex -598898.jpg,Culex -598898.jpg,4032,3024,1697,304,2305,1498,abdomen
bbox/annotated_images/culex/Culex -598898.jpg,Culex -598898.jpg,4032,3024,2194,222,2779,474,lower
bbox/annotated_images/culex/Culex -598901.jpg,Culex -598901.jpg,4032,3024,1040,1530,1387,1886,head
bbox/annotated_images/culex/Culex -598901.jpg,Culex -598901.jpg,4032,3024,1203,1321,1694,1805,thorax
bbox/annotated_images/culex/Culex -598901.jpg,Culex -598901.jpg,4032,3024,1615,1089,2845,1517,abdomen
bbox/annotated_images/culex/Culex -598901.jpg,Culex -598901.jpg,4032,3024,2848,1177,3417,1481,lower
bbox/annotated_images/culex/Culex -598902.jpg,Culex -598902.jpg,4032,3024,1033,1527,1383,1900,head
bbox/annotated_images/culex/Culex -598902.jpg,Culex -598902.jpg,4032,3024,1220,1318,1704,1802,thorax
bbox/annotated_images/culex/Culex -598902.jpg,Culex -598902.jpg,4032,3024,1619,1089,2855,1521,abdomen
bbox/annotated_images/culex/Culex -598902.jpg,Culex -598902.jpg,4032,3024,2861,1187,3417,1475,lower
bbox/annotated_images/culex/Culex -726666.jpg,Culex -726666.jpg,1440,2560,534,997,678,1070,lower
bbox/annotated_images/culex/Culex -726666.jpg,Culex -726666.jpg,1440,2560,521,1072,820,1379,abdomen
bbox/annotated_images/culex/Culex -726666.jpg,Culex -726666.jpg,1440,2560,823,1285,903,1402,thorax
bbox/annotated_images/culex/Culex -726666.jpg,Culex -726666.jpg,1440,2560,878,1291,1008,1417,head
bbox/annotated_images/culex/Culex -744115.jpg,Culex -744115.jpg,960,1280,262,286,540,547,head
bbox/annotated_images/culex/Culex -744115.jpg,Culex -744115.jpg,960,1280,338,469,629,719,thorax
bbox/annotated_images/culex/Culex -744115.jpg,Culex -744115.jpg,960,1280,448,582,786,846,abdomen
bbox/annotated_images/culex/Culex -744533.jpg,Culex -744533.jpg,3024,4032,9,179,1081,1016,head
bbox/annotated_images/culex/Culex -744533.jpg,Culex -744533.jpg,3024,4032,553,789,1298,1390,thorax
bbox/annotated_images/culex/Culex -744533.jpg,Culex -744533.jpg,3024,4032,889,1338,1739,3347,abdomen
bbox/annotated_images/culex/Culex -744533.jpg,Culex -744533.jpg,3024,4032,1081,2950,3016,3795,lower
bbox/annotated_images/culex/Culex -750331.jpg,Culex -750331.jpg,1440,2560,862,971,977,1072,head
bbox/annotated_images/culex/Culex -750331.jpg,Culex -750331.jpg,1440,2560,823,1041,932,1161,thorax
bbox/annotated_images/culex/Culex -750331.jpg,Culex -750331.jpg,1440,2560,474,1110,891,1210,abdomen
bbox/annotated_images/culex/Culex -750331.jpg,Culex -750331.jpg,1440,2560,461,1184,544,1304,lower
bbox/annotated_images/culex/Culex -750331.jpg,Culex -750331.jpg,1440,2560,1005,965,1073,1155,lower
bbox/annotated_images/culex/Culex -750331.jpg,Culex -750331.jpg,1440,2560,755,1133,1062,1476,abdomen
bbox/annotated_images/culex/Culex -750331.jpg,Culex -750331.jpg,1440,2560,680,1451,802,1558,thorax
bbox/annotated_images/culex/Culex -750331.jpg,Culex -750331.jpg,1440,2560,640,1525,749,1614,head
bbox/annotated_images/culex/Culex -758632.jpg,Culex -758632.jpg,1280,960,438,247,761,463,head
bbox/annotated_images/culex/Culex -758632.jpg,Culex -758632.jpg,1280,960,389,416,639,619,thorax
bbox/annotated_images/culex/Culex -758632.jpg,Culex -758632.jpg,1280,960,412,572,809,810,abdomen
bbox/annotated_images/culex/Culex -758632.jpg,Culex -758632.jpg,1280,960,671,387,975,634,lower
bbox/annotated_images/culex/Culex -758634.jpg,Culex -758634.jpg,3840,2160,917,533,2404,1974,lower
bbox/annotated_images/culex/Culex -758634.jpg,Culex -758634.jpg,3840,2160,2146,585,3083,1455,abdomen
bbox/annotated_images/culex/Culex -762625.jpg,Culex -762625.jpg,1536,2560,699,1291,1138,1633,lower
bbox/annotated_images/culex/Culex -762625.jpg,Culex -762625.jpg,1536,2560,230,696,893,1418,abdomen
bbox/annotated_images/culex/Culex -762625.jpg,Culex -762625.jpg,1536,2560,147,304,625,726,thorax
bbox/annotated_images/culex/Culex -762626.jpg,Culex -762626.jpg,1536,2560,678,1273,1085,1613,lower
bbox/annotated_images/culex/Culex -762626.jpg,Culex -762626.jpg,1536,2560,238,659,861,1401,abdomen
bbox/annotated_images/culex/Culex -762626.jpg,Culex -762626.jpg,1536,2560,147,329,725,708,thorax
bbox/annotated_images/culex/Culex -779643.jpg,Culex -779643.jpg,1072,1920,132,526,437,779,head
bbox/annotated_images/culex/Culex -779643.jpg,Culex -779643.jpg,1072,1920,31,700,439,997,thorax
bbox/annotated_images/culex/Culex -779643.jpg,Culex -779643.jpg,1072,1920,103,887,870,1546,abdomen
bbox/annotated_images/culex/Culex -779643.jpg,Culex -779643.jpg,1072,1920,529,652,828,997,lower
bbox/annotated_images/culex/Culex -779645.jpg,Culex -779645.jpg,1920,1080,672,274,1160,711,lower
bbox/annotated_images/culex/Culex -779645.jpg,Culex -779645.jpg,1920,1080,946,7,1579,915,abdomen
bbox/annotated_images/culex/Culex -779645.jpg,Culex -779645.jpg,1920,1080,589,4,944,278,thorax
bbox/annotated_images/culex/Culex -816060.jpg,Culex -816060.jpg,2880,2160,1845,610,2240,1045,head
bbox/annotated_images/culex/Culex -816060.jpg,Culex -816060.jpg,2880,2160,1610,820,1950,1203,thorax
bbox/annotated_images/culex/Culex -816060.jpg,Culex -816060.jpg,2880,2160,1617,1148,2193,1524,abdomen
bbox/annotated_images/culex/Culex -816060.jpg,Culex -816060.jpg,2880,2160,1489,630,1681,817,head
bbox/annotated_images/culex/Culex -816060.jpg,Culex -816060.jpg,2880,2160,1487,820,1608,962,thorax
bbox/annotated_images/culex/Culex -816060.jpg,Culex -816060.jpg,2880,2160,1408,962,1568,1466,abdomen
bbox/annotated_images/culex/Culex -816061.jpg,Culex -816061.jpg,1620,2160,526,694,837,1021,head
bbox/annotated_images/culex/Culex -816061.jpg,Culex -816061.jpg,1620,2160,791,631,1038,963,thorax
bbox/annotated_images/culex/Culex -816061.jpg,Culex -816061.jpg,1620,2160,931,519,1207,832,abdomen
bbox/annotated_images/culex/Culex -819094.jpg,Culex -819094.jpg,3072,1728,1736,370,2417,1025,abdomen
bbox/annotated_images/culex/Culex -819094.jpg,Culex -819094.jpg,3072,1728,1358,852,2057,1567,lower
bbox/annotated_images/culex/Culex -828460.jpg,Culex -828460.jpg,2322,3096,11,1041,592,1843,head
bbox/annotated_images/culex/Culex -828460.jpg,Culex -828460.jpg,2322,3096,211,438,968,1394,thorax
bbox/annotated_images/culex/Culex -828460.jpg,Culex -828460.jpg,2322,3096,763,552,2180,1690,abdomen
bbox/annotated_images/culex/Culex -828460.jpg,Culex -828460.jpg,2322,3096,1389,1690,2123,2390,lower
bbox/annotated_images/culex/Culex -828461.jpg,Culex -828461.jpg,2322,3096,1332,1446,2106,2231,head
bbox/annotated_images/culex/Culex -828461.jpg,Culex -828461.jpg,2322,3096,792,1808,1787,2593,thorax
bbox/annotated_images/culex/Culex -828461.jpg,Culex -828461.jpg,2322,3096,11,571,988,2283,abdomen
bbox/annotated_images/culex/Culex -830324.jpg,Culex -830324.jpg,756,1008,539,269,675,499,thorax
bbox/annotated_images/culex/Culex -830324.jpg,Culex -830324.jpg,756,1008,60,314,586,612,abdomen
bbox/annotated_images/culex/Culex -830325.jpg,Culex -830325.jpg,756,1008,536,272,681,496,thorax
bbox/annotated_images/culex/Culex -830325.jpg,Culex -830325.jpg,756,1008,59,311,595,614,abdomen
bbox/annotated_images/culex/Culex -845193.jpg,Culex -845193.jpg,607,1080,204,257,382,448,head
bbox/annotated_images/culex/Culex -845193.jpg,Culex -845193.jpg,607,1080,296,324,521,542,thorax
bbox/annotated_images/culex/Culex -845193.jpg,Culex -845193.jpg,607,1080,458,437,581,598,abdomen
bbox/annotated_images/culex/Culex -846197.jpg,Culex -846197.jpg,640,481,180,0,459,242,abdomen
bbox/annotated_images/culex/Culex -846197.jpg,Culex -846197.jpg,640,481,62,170,318,480,lower
bbox/annotated_images/culex/Culex -847155.jpg,Culex -847155.jpg,1200,1600,138,858,617,1136,lower
bbox/annotated_images/culex/Culex -847155.jpg,Culex -847155.jpg,1200,1600,142,190,628,887,abdomen
bbox/annotated_images/culex/Culex -849606.jpg,Culex -849606.jpg,1620,2160,874,1358,1320,1650,abdomen
bbox/annotated_images/culex/Culex -849606.jpg,Culex -849606.jpg,1620,2160,351,1024,951,1553,lower
bbox/annotated_images/culex/Culex -849608.jpg,Culex -849608.jpg,1620,2160,546,1109,1367,1676,abdomen
bbox/annotated_images/culex/Culex -849608.jpg,Culex -849608.jpg,1620,2160,308,915,681,1474,lower
bbox/annotated_images/culex/Culex -856486.jpg,Culex -856486.jpg,4160,3120,1579,582,1942,1239,lower
bbox/annotated_images/culex/Culex -856486.jpg,Culex -856486.jpg,4160,3120,1368,1212,1769,1985,abdomen
bbox/annotated_images/culex/Culex -856486.jpg,Culex -856486.jpg,4160,3120,1512,1909,1813,2200,thorax
bbox/annotated_images/culex/Culex -856486.jpg,Culex -856486.jpg,4160,3120,1328,2060,1693,2402,head
bbox/annotated_images/culex/Culex -856488.jpg,Culex -856488.jpg,3120,4160,1361,2260,2053,2780,head
bbox/annotated_images/culex/Culex -856488.jpg,Culex -856488.jpg,3120,4160,1524,1798,2347,2585,thorax
bbox/annotated_images/culex/Culex -856488.jpg,Culex -856488.jpg,3120,4160,980,931,2342,1812,abdomen
bbox/annotated_images/culex/Culex -856488.jpg,Culex -856488.jpg,3120,4160,985,1600,2455,2288,lower
bbox/annotated_images/culex/Culex -856504.jpg,Culex -856504.jpg,4160,3120,2112,854,2531,1251,head
bbox/annotated_images/culex/Culex -856504.jpg,Culex -856504.jpg,4160,3120,2046,1187,2559,1533,thorax
bbox/annotated_images/culex/Culex -856504.jpg,Culex -856504.jpg,4160,3120,1559,1120,2362,1670,abdomen
bbox/annotated_images/culex/Culex -856504.jpg,Culex -856504.jpg,4160,3120,1319,1323,1714,2430,lower
bbox/annotated_images/culex/Culex -857939.jpg,Culex -857939.jpg,1080,1920,355,758,575,1232,lower
bbox/annotated_images/culex/Culex -857940.jpg,Culex -857940.jpg,1080,1920,347,700,652,1014,lower
bbox/annotated_images/culex/Culex -857940.jpg,Culex -857940.jpg,1080,1920,447,984,651,1229,abdomen
bbox/annotated_images/culex/Culex -858007.jpg,Culex -858007.jpg,2448,3264,561,998,1217,1989,lower
bbox/annotated_images/culex/Culex -858007.jpg,Culex -858007.jpg,2448,3264,857,974,2314,2053,abdomen
bbox/annotated_images/culex/Culex -858007.jpg,Culex -858007.jpg,2448,3264,1496,1594,2216,2370,thorax
bbox/annotated_images/culex/Culex -858007.jpg,Culex -858007.jpg,2448,3264,1065,1824,1735,2427,head
bbox/annotated_images/culex/Culex -861800.jpg,Culex -861800.jpg,3120,4160,1336,1063,1814,1847,lower
bbox/annotated_images/culex/Culex -861800.jpg,Culex -861800.jpg,3120,4160,1050,1289,1482,2188,abdomen
bbox/annotated_images/culex/Culex -861800.jpg,Culex -861800.jpg,3120,4160,1354,2003,1791,2436,thorax
bbox/annotated_images/culex/Culex -861800.jpg,Culex -861800.jpg,3120,4160,1618,2158,2105,2467,head
bbox/annotated_images/culex/Culex -861802.jpg,Culex -861802.jpg,3120,4160,1002,2091,1493,2375,head
bbox/annotated_images/culex/Culex -861802.jpg,Culex -861802.jpg,3120,4160,1023,1820,1478,2176,thorax
bbox/annotated_images/culex/Culex -861802.jpg,Culex -861802.jpg,3120,4160,1074,896,1401,1306,lower
bbox/annotated_images/culex/Culex -861802.jpg,Culex -861802.jpg,3120,4160,1250,896,1745,1813,abdomen
bbox/annotated_images/culex/Culex -870958.jpg,Culex -870958.jpg,4128,3096,1423,1329,2799,2397,lower
bbox/annotated_images/culex/Culex -870958.jpg,Culex -870958.jpg,4128,3096,2498,1329,2890,1888,abdomen
bbox/annotated_images/culex/Culex -873650.jpg,Culex -873650.jpg,720,1280,1,302,371,663,lower
bbox/annotated_images/culex/Culex -873650.jpg,Culex -873650.jpg,720,1280,17,667,256,899,head
bbox/annotated_images/culex/Culex -873650.jpg,Culex -873650.jpg,720,1280,37,529,329,744,thorax
bbox/annotated_images/culex/Culex -873650.jpg,Culex -873650.jpg,720,1280,210,273,686,680,abdomen
bbox/annotated_images/culex/Culex -883665.jpg,Culex -883665.jpg,4160,3120,1366,1316,1970,1879,lower
bbox/annotated_images/culex/Culex -883665.jpg,Culex -883665.jpg,4160,3120,1953,1323,3083,2008,abdomen
bbox/annotated_images/culex/Culex -888743.jpg,Culex -888743.jpg,3120,4160,1090,1982,2048,2376,lower
bbox/annotated_images/culex/Culex -888743.jpg,Culex -888743.jpg,3120,4160,1428,1667,1921,2133,head
bbox/annotated_images/culex/Culex -888743.jpg,Culex -888743.jpg,3120,4160,1300,1431,1762,1861,thorax
bbox/annotated_images/culex/Culex -888743.jpg,Culex -888743.jpg,3120,4160,1306,1131,2130,1987,abdomen
bbox/annotated_images/culex/Culex -888754.jpg,Culex -888754.jpg,3120,4160,1439,956,2266,2026,lower
bbox/annotated_images/culex/Culex -888754.jpg,Culex -888754.jpg,3120,4160,1052,1954,2212,2538,abdomen
bbox/annotated_images/culex/Culex -888754.jpg,Culex -888754.jpg,3120,4160,815,2032,1357,2347,thorax
bbox/annotated_images/culex/Culex -888754.jpg,Culex -888754.jpg,3120,4160,770,1424,1318,2116,head
bbox/annotated_images/culex/Culex -888755.jpg,Culex -888755.jpg,4160,3120,2119,1447,3074,1828,lower
bbox/annotated_images/culex/Culex -888755.jpg,Culex -888755.jpg,4160,3120,2180,989,2797,1512,head
bbox/annotated_images/culex/Culex -888755.jpg,Culex -888755.jpg,4160,3120,1926,1056,2277,1572,thorax
bbox/annotated_images/culex/Culex -888755.jpg,Culex -888755.jpg,4160,3120,1542,1282,2271,2065,abdomen
bbox/annotated_images/culex/Culex -888810.jpg,Culex -888810.jpg,3120,4160,1093,1960,2026,2388,lower
bbox/annotated_images/culex/Culex -888810.jpg,Culex -888810.jpg,3120,4160,1431,1662,1909,2119,head
bbox/annotated_images/culex/Culex -888810.jpg,Culex -888810.jpg,3120,4160,1311,1437,1782,1870,thorax
bbox/annotated_images/culex/Culex -888810.jpg,Culex -888810.jpg,3120,4160,1302,1126,2140,2016,abdomen
bbox/annotated_images/culex/Culex -893746.jpg,Culex -893746.jpg,3120,3120,681,982,1238,2034,lower
bbox/annotated_images/culex/Culex -893746.jpg,Culex -893746.jpg,3120,3120,1025,783,2158,1441,abdomen
bbox/annotated_images/culex/Culex -893746.jpg,Culex -893746.jpg,3120,3120,1697,1407,2247,1819,thorax
bbox/annotated_images/culex/Culex -893746.jpg,Culex -893746.jpg,3120,3120,1710,1764,2287,2182,head
bbox/annotated_images/culex/Culex -893749.jpg,Culex -893749.jpg,3120,3120,685,975,1245,2031,lower
bbox/annotated_images/culex/Culex -893749.jpg,Culex -893749.jpg,3120,3120,1032,779,2128,1416,abdomen
bbox/annotated_images/culex/Culex -893749.jpg,Culex -893749.jpg,3120,3120,1693,1346,2277,1788,thorax
bbox/annotated_images/culex/Culex -893749.jpg,Culex -893749.jpg,3120,3120,1717,1767,2270,2182,head
bbox/annotated_images/culex/Culex -900591.jpg,Culex -900591.jpg,2448,3264,427,832,861,1227,head
bbox/annotated_images/culex/Culex -900591.jpg,Culex -900591.jpg,2448,3264,452,1034,1038,1524,thorax
bbox/annotated_images/culex/Culex -900591.jpg,Culex -900591.jpg,2448,3264,709,1118,2014,1778,abdomen
bbox/annotated_images/culex/Culex -900591.jpg,Culex -900591.jpg,2448,3264,1961,1203,2218,1743,lower
bbox/annotated_images/culex/Culex -902227.jpg,Culex -902227.jpg,3024,4032,758,2417,1112,2777,head
bbox/annotated_images/culex/Culex -902227.jpg,Culex -902227.jpg,3024,4032,1075,2472,1331,2844,thorax
bbox/annotated_images/culex/Culex -902227.jpg,Culex -902227.jpg,3024,4032,1333,2568,2112,2882,abdomen
bbox/annotated_images/culex/Culex -902227.jpg,Culex -902227.jpg,3024,4032,2077,2527,2321,3207,lower
bbox/annotated_images/culex/Culex -902228.jpg,Culex -902228.jpg,3024,4032,1172,2118,2113,3133,lower
bbox/annotated_images/culex/Culex -902228.jpg,Culex -902228.jpg,3024,4032,1303,1007,1970,2118,abdomen
bbox/annotated_images/culex/Culex -902228.jpg,Culex -902228.jpg,3024,4032,1407,959,2013,1177,thorax
bbox/annotated_images/culex/Culex -906870.jpg,Culex -906870.jpg,890,1188,222,509,494,761,head
bbox/annotated_images/culex/Culex -906870.jpg,Culex -906870.jpg,890,1188,316,579,602,806,thorax
bbox/annotated_images/culex/Culex -906870.jpg,Culex -906870.jpg,890,1188,520,483,823,817,abdomen
bbox/annotated_images/culex/Culex -909502.jpg,Culex -909502.jpg,1440,2560,152,1554,540,1853,head
bbox/annotated_images/culex/Culex -909502.jpg,Culex -909502.jpg,1440,2560,166,1318,551,1545,thorax
bbox/annotated_images/culex/Culex -909502.jpg,Culex -909502.jpg,1440,2560,914,510,1415,1266,lower
bbox/annotated_images/culex/Culex -909502.jpg,Culex -909502.jpg,1440,2560,246,750,908,1318,abdomen
bbox/annotated_images/culex/Culex -909503.jpg,Culex -909503.jpg,1440,2560,947,728,1379,1226,head
bbox/annotated_images/culex/Culex -909503.jpg,Culex -909503.jpg,1440,2560,676,773,939,1141,thorax
bbox/annotated_images/culex/Culex -909503.jpg,Culex -909503.jpg,1440,2560,8,1670,465,1941,lower
bbox/annotated_images/culex/Culex -909503.jpg,Culex -909503.jpg,1440,2560,393,820,736,1814,abdomen
bbox/annotated_images/culex/Culex -939295.jpg,Culex -939295.jpg,700,1440,300,504,544,963,lower
bbox/annotated_images/culex/Culex -939295.jpg,Culex -939295.jpg,700,1440,386,885,627,1095,abdomen
bbox/annotated_images/culex/Culex -947431.jpg,Culex -947431.jpg,810,1440,137,349,428,699,head
bbox/annotated_images/culex/Culex -947431.jpg,Culex -947431.jpg,810,1440,366,410,593,742,thorax
bbox/annotated_images/culex/Culex -947431.jpg,Culex -947431.jpg,810,1440,48,646,335,1006,lower
bbox/annotated_images/culex/Culex -947431.jpg,Culex -947431.jpg,810,1440,282,503,751,880,abdomen
bbox/annotated_images/culex/Culex -947432.jpg,Culex -947432.jpg,810,1440,3,556,505,827,lower
bbox/annotated_images/culex/Culex -947432.jpg,Culex -947432.jpg,810,1440,293,410,670,856,abdomen
bbox/annotated_images/culex/Culex -947432.jpg,Culex -947432.jpg,810,1440,402,301,634,432,thorax
bbox/annotated_images/culex/Culex -947821.jpg,Culex -947821.jpg,3024,4032,1063,1569,1564,2249,lower
bbox/annotated_images/culex/Culex -947821.jpg,Culex -947821.jpg,3024,4032,1394,2205,2549,2815,abdomen
bbox/annotated_images/culex/Culex -947821.jpg,Culex -947821.jpg,3024,4032,2383,2004,2745,2309,thorax
bbox/annotated_images/culex/Culex -947821.jpg,Culex -947821.jpg,3024,4032,2418,1560,2897,2000,head
bbox/annotated_images/culex/Culex -947822.jpg,Culex -947822.jpg,3024,4032,715,697,2044,2671,lower
bbox/annotated_images/culex/Culex -947822.jpg,Culex -947822.jpg,3024,4032,1621,2462,2257,3120,abdomen
bbox/annotated_images/culex/Culex -948298.jpg,Culex -948298.jpg,3120,4160,1074,868,1510,1511,lower
bbox/annotated_images/culex/Culex -948298.jpg,Culex -948298.jpg,3120,4160,1452,1475,1771,2185,abdomen
bbox/annotated_images/culex/Culex -948298.jpg,Culex -948298.jpg,3120,4160,1344,1960,1582,2243,thorax
bbox/annotated_images/culex/Culex -948298.jpg,Culex -948298.jpg,3120,4160,1034,1645,1470,2175,head
bbox/annotated_images/culex/Culex -950658.jpg,Culex -950658.jpg,2560,1920,841,498,1441,1063,abdomen
bbox/annotated_images/culex/Culex -950658.jpg,Culex -950658.jpg,2560,1920,1350,455,1846,976,lower
bbox/annotated_images/culex/Culex -950659.jpg,Culex -950659.jpg,2560,1920,1186,606,2048,1245,abdomen
bbox/annotated_images/culex/Culex -950659.jpg,Culex -950659.jpg,2560,1920,804,648,1340,1474,thorax
bbox/annotated_images/culex/Culex -950660.jpg,Culex -950660.jpg,2560,1920,1489,735,2000,1370,lower
bbox/annotated_images/culex/Culex -950660.jpg,Culex -950660.jpg,2560,1920,835,893,1634,1505,abdomen
bbox/annotated_images/culex/Culex -953707.jpg,Culex -953707.jpg,2560,1920,255,1078,1511,1641,lower
bbox/annotated_images/culex/Culex -953707.jpg,Culex -953707.jpg,2560,1920,1260,214,1719,1157,abdomen
bbox/annotated_images/culex/Culex -953709.jpg,Culex -953709.jpg,1920,2560,692,830,1240,1605,lower
bbox/annotated_images/culex/Culex -953709.jpg,Culex -953709.jpg,1920,2560,379,570,813,1057,abdomen
bbox/annotated_images/culex/Culex -954289.jpg,Culex -954289.jpg,1306,2322,319,367,1301,1658,lower
bbox/annotated_images/culex/Culex -954289.jpg,Culex -954289.jpg,1306,2322,8,83,714,1542,abdomen
bbox/annotated_images/culex/Culex -956652.jpg,Culex -956652.jpg,2080,4160,756,1346,1629,2345,lower
bbox/annotated_images/culex/Culex -956652.jpg,Culex -956652.jpg,2080,4160,225,1454,860,2260,abdomen
bbox/annotated_images/culex/Culex -956670.jpg,Culex -956670.jpg,2080,4160,796,1543,1721,1895,lower
bbox/annotated_images/culex/Culex -956670.jpg,Culex -956670.jpg,2080,4160,496,1665,1284,2846,abdomen
bbox/annotated_images/culex/Culex -956702.jpg,Culex -956702.jpg,4160,2080,1547,1119,2040,1766,head
bbox/annotated_images/culex/Culex -956702.jpg,Culex -956702.jpg,4160,2080,975,924,1694,1845,thorax
bbox/annotated_images/culex/Culex -956702.jpg,Culex -956702.jpg,4160,2080,1657,75,2629,517,lower
bbox/annotated_images/culex/Culex -956702.jpg,Culex -956702.jpg,4160,2080,898,19,1662,1297,abdomen
bbox/annotated_images/culex/Culex -956703.jpg,Culex -956703.jpg,2080,4160,837,1553,1733,1891,lower
bbox/annotated_images/culex/Culex -956703.jpg,Culex -956703.jpg,2080,4160,500,1675,1292,2850,abdomen
bbox/annotated_images/culex/Culex -957422.jpg,Culex -957422.jpg,1920,2560,271,14,965,1074,lower
bbox/annotated_images/culex/Culex -957422.jpg,Culex -957422.jpg,1920,2560,8,1112,622,1876,head
bbox/annotated_images/culex/Culex -957422.jpg,Culex -957422.jpg,1920,2560,451,783,1345,1937,thorax
bbox/annotated_images/culex/Culex -957422.jpg,Culex -957422.jpg,1920,2560,1350,946,1591,1574,abdomen
bbox/annotated_images/culex/Culex -957423.jpg,Culex -957423.jpg,1920,2560,705,194,1488,1326,lower
bbox/annotated_images/culex/Culex -957423.jpg,Culex -957423.jpg,1920,2560,456,1345,1065,2125,head
bbox/annotated_images/culex/Culex -957423.jpg,Culex -957423.jpg,1920,2560,960,1090,1602,2017,thorax
bbox/annotated_images/culex/Culex -957424.jpg,Culex -957424.jpg,1920,2560,216,1408,523,1754,head
bbox/annotated_images/culex/Culex -957424.jpg,Culex -957424.jpg,1920,2560,349,584,761,1408,lower
bbox/annotated_images/culex/Culex -957424.jpg,Culex -957424.jpg,1920,2560,443,1234,1054,1787,thorax
bbox/annotated_images/culex/Culex -957424.jpg,Culex -957424.jpg,1920,2560,761,551,1383,1624,abdomen
bbox/annotated_images/culex/Culex -957425.jpg,Culex -957425.jpg,1920,2560,434,440,1170,1801,lower
bbox/annotated_images/culex/Culex -957425.jpg,Culex -957425.jpg,1920,2560,963,266,1550,913,abdomen
bbox/annotated_images/culex/Culex -957425.jpg,Culex -957425.jpg,1920,2560,136,1804,700,2153,head
bbox/annotated_images/culex/Culex -957425.jpg,Culex -957425.jpg,1920,2560,634,1455,1378,2100,thorax
bbox/annotated_images/culex/Culex -963417.jpg,Culex -963417.jpg,2080,4160,203,1112,1603,2499,lower
bbox/annotated_images/culex/Culex -963417.jpg,Culex -963417.jpg,2080,4160,1558,1927,2071,2580,abdomen
bbox/annotated_images/culex/Culex -967784.jpg,Culex -967784.jpg,4160,2080,1755,245,2490,1063,head
bbox/annotated_images/culex/Culex -967784.jpg,Culex -967784.jpg,4160,2080,1878,557,3066,1734,thorax
bbox/annotated_images/culex/Culex -967784.jpg,Culex -967784.jpg,4160,2080,2906,844,3412,1891,abdomen
bbox/annotated_images/culex/Culex -967785.jpg,Culex -967785.jpg,4160,2080,2216,354,3228,1323,lower
bbox/annotated_images/culex/Culex -967785.jpg,Culex -967785.jpg,4160,2080,1388,250,2301,1544,abdomen
bbox/annotated_images/culex/Culex -967786.jpg,Culex -967786.jpg,4160,2080,1380,959,2182,2051,lower
bbox/annotated_images/culex/Culex -967786.jpg,Culex -967786.jpg,4160,2080,1792,133,3225,1875,abdomen
bbox/annotated_images/culex/Culex -970748.jpg,Culex -970748.jpg,4032,3024,2374,1766,2783,2093,lower
bbox/annotated_images/culex/Culex -970748.jpg,Culex -970748.jpg,4032,3024,1295,1347,2426,1919,abdomen
bbox/annotated_images/culex/Culex -970748.jpg,Culex -970748.jpg,4032,3024,942,1177,1344,1661,thorax
bbox/annotated_images/culex/Culex -970748.jpg,Culex -970748.jpg,4032,3024,674,1161,1021,1531,head
bbox/annotated_images/culex/Culex -970749.jpg,Culex -970749.jpg,4032,3024,2279,903,3270,3022,lower
bbox/annotated_images/culex/Culex -970749.jpg,Culex -970749.jpg,4032,3024,7,939,2456,2407,abdomen
bbox/annotated_images/culex/Culex -970751.jpg,Culex -970751.jpg,4032,3024,886,271,1540,739,head
bbox/annotated_images/culex/Culex -970751.jpg,Culex -970751.jpg,4032,3024,768,661,1844,1472,thorax
bbox/annotated_images/culex/Culex -970751.jpg,Culex -970751.jpg,4032,3024,1056,1455,2606,2521,abdomen
bbox/annotated_images/culex/Culex -970751.jpg,Culex -970751.jpg,4032,3024,2018,1010,3094,2056,lower
bbox/annotated_images/culex/Culex -971300.jpg,Culex -971300.jpg,1440,2560,8,6,1431,1507,lower
bbox/annotated_images/culex/Culex -972098.jpg,Culex -972098.jpg,3024,4032,1277,1229,2244,2462,lower
bbox/annotated_images/culex/Culex -972098.jpg,Culex -972098.jpg,3024,4032,397,1298,1504,2313,abdomen
bbox/annotated_images/culex/Culex -974182.jpg,Culex -974182.jpg,4160,2080,2099,354,2704,1089,head
bbox/annotated_images/culex/Culex -974182.jpg,Culex -974182.jpg,4160,2080,1425,381,2346,1396,thorax
bbox/annotated_images/culex/Culex -974182.jpg,Culex -974182.jpg,4160,2080,959,618,1537,1340,abdomen
bbox/annotated_images/culex/Culex -974183.jpg,Culex -974183.jpg,4160,2080,1585,202,2139,1483,lower
bbox/annotated_images/culex/Culex -974183.jpg,Culex -974183.jpg,4160,2080,1768,1467,2234,1856,abdomen
bbox/annotated_images/culex/Culex -974184.jpg,Culex -974184.jpg,4160,2080,2264,530,2829,1521,thorax
bbox/annotated_images/culex/Culex -974184.jpg,Culex -974184.jpg,4160,2080,1422,32,2381,1505,abdomen
bbox/annotated_images/culex/Culex -974199.jpg,Culex -974199.jpg,4160,2080,1031,298,2861,1523,abdomen
bbox/annotated_images/culex/Culex -974200.jpg,Culex -974200.jpg,4160,2080,2184,479,2642,1126,head
bbox/annotated_images/culex/Culex -974200.jpg,Culex -974200.jpg,4160,2080,1388,458,2371,1356,thorax
bbox/annotated_images/culex/Culex -974200.jpg,Culex -974200.jpg,4160,2080,980,764,1654,1451,abdomen
bbox/annotated_images/culex/Culex -974234.jpg,Culex -974234.jpg,4160,2080,2096,485,3023,1175,lower
bbox/annotated_images/culex/Culex -974234.jpg,Culex -974234.jpg,4160,2080,1310,847,2261,1625,abdomen
bbox/annotated_images/culex/Culex -974235.jpg,Culex -974235.jpg,4160,2080,1920,1814,2714,2062,thorax
bbox/annotated_images/culex/Culex -974235.jpg,Culex -974235.jpg,4160,2080,1947,506,3124,1856,abdomen
bbox/annotated_images/culex/Culex -974237.jpg,Culex -974237.jpg,4160,2080,1899,1393,2709,1915,head
bbox/annotated_images/culex/Culex -974237.jpg,Culex -974237.jpg,4160,2080,1816,668,2919,1536,thorax
bbox/annotated_images/culex/Culex -974237.jpg,Culex -974237.jpg,4160,2080,2019,189,2687,698,abdomen
bbox/annotated_images/culex/Culex -974239.jpg,Culex -974239.jpg,4160,2080,2210,895,2823,2051,lower
bbox/annotated_images/culex/Culex -974239.jpg,Culex -974239.jpg,4160,2080,1308,202,2951,1060,abdomen
bbox/annotated_images/culex/Culex -981343.jpg,Culex -981343.jpg,4160,2080,1734,953,2645,1744,head
bbox/annotated_images/culex/Culex -981343.jpg,Culex -981343.jpg,4160,2080,1401,429,2501,1356,thorax
bbox/annotated_images/culex/Culex -981343.jpg,Culex -981343.jpg,4160,2080,1417,160,2059,602,abdomen
bbox/annotated_images/culex/Culex -981367.jpg,Culex -981367.jpg,4160,2080,1936,1007,2698,1787,head
bbox/annotated_images/culex/Culex -981367.jpg,Culex -981367.jpg,4160,2080,1563,602,2471,1561,thorax
bbox/annotated_images/culex/Culex -981367.jpg,Culex -981367.jpg,4160,2080,1201,423,1933,1097,abdomen
bbox/annotated_images/culex/Culex -981368.jpg,Culex -981368.jpg,4160,2080,1694,322,2386,1283,lower
bbox/annotated_images/culex/Culex -981368.jpg,Culex -981368.jpg,4160,2080,1305,1076,1997,2013,abdomen
bbox/annotated_images/culex/Culex -981371.jpg,Culex -981371.jpg,4160,2080,2051,1832,2403,2050,head
bbox/annotated_images/culex/Culex -981371.jpg,Culex -981371.jpg,4160,2080,1704,1782,2088,2046,thorax
bbox/annotated_images/culex/Culex -981371.jpg,Culex -981371.jpg,4160,2080,1396,1103,2267,1929,abdomen
bbox/annotated_images/culex/Culex -981371.jpg,Culex -981371.jpg,4160,2080,2157,562,2668,1217,lower
bbox/annotated_images/culex/Culex -981372.jpg,Culex -981372.jpg,4160,2080,1923,1409,2357,1939,head
bbox/annotated_images/culex/Culex -981372.jpg,Culex -981372.jpg,4160,2080,1601,1294,2072,1853,thorax
bbox/annotated_images/culex/Culex -981372.jpg,Culex -981372.jpg,4160,2080,1430,722,2386,1548,abdomen
bbox/annotated_images/culex/Culex -981372.jpg,Culex -981372.jpg,4160,2080,2304,373,2778,852,lower
bbox/annotated_images/culex/Culex -981373.jpg,Culex -981373.jpg,4160,2080,2144,1084,2578,1579,head
bbox/annotated_images/culex/Culex -981373.jpg,Culex -981373.jpg,4160,2080,1840,956,2314,1478,thorax
bbox/annotated_images/culex/Culex -981373.jpg,Culex -981373.jpg,4160,2080,1662,381,2631,1193,abdomen
bbox/annotated_images/culex/Culex -981373.jpg,Culex -981373.jpg,4160,2080,2565,328,2735,514,lower
bbox/annotated_images/culex/Culex -990885.jpg,Culex -990885.jpg,4160,2080,1457,711,2600,1553,lower
bbox/annotated_images/culex/Culex -990885.jpg,Culex -990885.jpg,4160,2080,1454,1499,2019,2064,abdomen
bbox/annotated_images/culex/Culex -990958.jpg,Culex -990958.jpg,4160,2080,1731,1137,2373,1803,head
bbox/annotated_images/culex/Culex -990958.jpg,Culex -990958.jpg,4160,2080,2013,754,2820,1577,thorax
bbox/annotated_images/culex/Culex -990958.jpg,Culex -990958.jpg,4160,2080,1774,224,3018,1068,abdomen
bbox/annotated_images/culex/Culex -990959.jpg,Culex -990959.jpg,4160,2080,2005,1739,2727,2053,thorax
bbox/annotated_images/culex/Culex -990959.jpg,Culex -990959.jpg,4160,2080,1894,402,2831,1142,lower
bbox/annotated_images/culex/Culex -990959.jpg,Culex -990959.jpg,4160,2080,1590,517,3081,1907,abdomen
bbox/annotated_images/culex/Culex -990962.jpg,Culex -990962.jpg,4160,2080,2139,658,2829,1385,head
bbox/annotated_images/culex/Culex -990962.jpg,Culex -990962.jpg,4160,2080,1681,229,2573,1204,thorax
bbox/annotated_images/culex/Culex -990962.jpg,Culex -990962.jpg,4160,2080,1585,234,2126,748,abdomen
bbox/annotated_images/anno/Anopheles -169345.jpg,Anopheles -169345.jpg,1944,2592,755,1043,1128,1348,abdomen
bbox/annotated_images/anno/Anopheles -169345.jpg,Anopheles -169345.jpg,1944,2592,1064,958,1257,1154,thorax
bbox/annotated_images/anno/Anopheles -169345.jpg,Anopheles -169345.jpg,1944,2592,1202,941,1300,1045,head
bbox/annotated_images/anno/Anopheles -169345.jpg,Anopheles -169345.jpg,1944,2592,683,1296,801,1390,lower
bbox/annotated_images/anno/Anopheles -169346.jpg,Anopheles -169346.jpg,1944,2592,798,924,1106,1148,head
bbox/annotated_images/anno/Anopheles -169346.jpg,Anopheles -169346.jpg,1944,2592,824,583,1303,1034,thorax
bbox/annotated_images/anno/Anopheles -169346.jpg,Anopheles -169346.jpg,1944,2592,1039,3,1588,577,abdomen
bbox/annotated_images/anno/Anopheles -169347.jpg,Anopheles -169347.jpg,1944,2592,476,493,1252,1204,abdomen
bbox/annotated_images/anno/Anopheles -169347.jpg,Anopheles -169347.jpg,1944,2592,143,1087,555,1370,lower
bbox/annotated_images/anno/Anopheles -169347.jpg,Anopheles -169347.jpg,1944,2592,1129,266,1527,711,thorax
bbox/annotated_images/anno/Anopheles -169347.jpg,Anopheles -169347.jpg,1944,2592,1378,230,1608,474,head
bbox/annotated_images/anno/Anopheles -195629.jpg,Anopheles -195629.jpg,2336,1311,1213,384,1624,779,lower
bbox/annotated_images/anno/Anopheles -195629.jpg,Anopheles -195629.jpg,2336,1311,974,694,1296,911,abdomen
bbox/annotated_images/anno/Anopheles -195650.jpg,Anopheles -195650.jpg,4160,2336,1950,844,3156,1542,lower
bbox/annotated_images/anno/Anopheles -195650.jpg,Anopheles -195650.jpg,4160,2336,338,1025,2245,2184,abdomen
bbox/annotated_images/anno/Anopheles -195651.jpg,Anopheles -195651.jpg,2336,1311,1026,727,1261,923,lower
bbox/annotated_images/anno/Anopheles -195651.jpg,Anopheles -195651.jpg,2336,1311,1180,335,1636,797,abdomen
bbox/annotated_images/anno/Anopheles -467957.jpg,Anopheles -467957.jpg,490,493,136,15,220,123,lower
bbox/annotated_images/anno/Anopheles -467957.jpg,Anopheles -467957.jpg,490,493,149,116,263,493,abdomen
bbox/annotated_images/anno/Anopheles -489431.jpg,Anopheles -489431.jpg,3264,2448,974,1136,1270,1443,head
bbox/annotated_images/anno/Anopheles -489431.jpg,Anopheles -489431.jpg,3264,2448,1112,1289,1435,1591,thorax
bbox/annotated_images/anno/Anopheles -489431.jpg,Anopheles -489431.jpg,3264,2448,1244,1522,2030,1866,abdomen
bbox/annotated_images/anno/Anopheles -489431.jpg,Anopheles -489431.jpg,3264,2448,1954,1234,2248,1586,lower
bbox/annotated_images/anno/Anopheles -498321.jpg,Anopheles -498321.jpg,1836,1032,1228,478,1328,565,head
bbox/annotated_images/anno/Anopheles -498321.jpg,Anopheles -498321.jpg,1836,1032,1130,520,1304,700,thorax
bbox/annotated_images/anno/Anopheles -498321.jpg,Anopheles -498321.jpg,1836,1032,820,447,1233,726,abdomen
bbox/annotated_images/anno/Anopheles -498321.jpg,Anopheles -498321.jpg,1836,1032,773,328,891,484,lower
bbox/annotated_images/anno/Anopheles -756239.jpg,Anopheles -756239.jpg,5312,2988,2588,592,3146,997,head
bbox/annotated_images/anno/Anopheles -756239.jpg,Anopheles -756239.jpg,5312,2988,2605,673,3741,1666,thorax
bbox/annotated_images/anno/Anopheles -756239.jpg,Anopheles -756239.jpg,5312,2988,1867,1445,3901,2799,abdomen
bbox/annotated_images/anno/Anopheles -756239.jpg,Anopheles -756239.jpg,5312,2988,1592,1704,2136,2425,lower
bbox/annotated_images/anno/Anopheles -760856.jpg,Anopheles -760856.jpg,1920,2560,533,1003,749,1217,head
bbox/annotated_images/anno/Anopheles -760856.jpg,Anopheles -760856.jpg,1920,2560,598,847,828,1067,thorax
bbox/annotated_images/anno/Anopheles -760856.jpg,Anopheles -760856.jpg,1920,2560,705,638,1361,894,abdomen
bbox/annotated_images/anno/Anopheles -760856.jpg,Anopheles -760856.jpg,1920,2560,1310,775,1504,982,lower
bbox/annotated_images/anno/Anopheles -774207.jpg,Anopheles -774207.jpg,3264,2448,1850,802,2231,1178,head
bbox/annotated_images/anno/Anopheles -774207.jpg,Anopheles -774207.jpg,3264,2448,1403,585,1924,1191,thorax
bbox/annotated_images/anno/Anopheles -774207.jpg,Anopheles -774207.jpg,3264,2448,1101,799,2329,1646,abdomen
bbox/annotated_images/anno/Anopheles -774207.jpg,Anopheles -774207.jpg,3264,2448,2139,974,2563,1390,lower
bbox/annotated_images/anno/Anopheles -779696.jpg,Anopheles -779696.jpg,2448,3264,582,1150,1143,1721,head
bbox/annotated_images/anno/Anopheles -779696.jpg,Anopheles -779696.jpg,2448,3264,942,1203,1669,2078,thorax
bbox/annotated_images/anno/Anopheles -779696.jpg,Anopheles -779696.jpg,2448,3264,1559,1252,2296,1883,abdomen
bbox/annotated_images/anno/Anopheles -779696.jpg,Anopheles -779696.jpg,2448,3264,1527,2314,2169,2748,abdomen
bbox/annotated_images/anno/Anopheles -779696.jpg,Anopheles -779696.jpg,2448,3264,840,2169,1521,2751,lower
bbox/annotated_images/anno/Anopheles -780680.jpg,Anopheles -780680.jpg,4032,3016,1475,1322,1799,1557,lower
bbox/annotated_images/anno/Anopheles -780680.jpg,Anopheles -780680.jpg,4032,3016,1799,1307,2588,1597,abdomen
bbox/annotated_images/anno/Anopheles -780680.jpg,Anopheles -780680.jpg,4032,3016,2480,1257,2791,1586,thorax
bbox/annotated_images/anno/Anopheles -780680.jpg,Anopheles -780680.jpg,4032,3016,2681,1234,2855,1415,head
bbox/annotated_images/anno/Anopheles -790369.jpg,Anopheles -790369.jpg,3024,4032,929,2172,1197,2451,head
bbox/annotated_images/anno/Anopheles -790369.jpg,Anopheles -790369.jpg,3024,4032,1023,2058,1305,2314,thorax
bbox/annotated_images/anno/Anopheles -790369.jpg,Anopheles -790369.jpg,3024,4032,1178,1586,1621,2147,abdomen
bbox/annotated_images/anno/Anopheles -790369.jpg,Anopheles -790369.jpg,3024,4032,1556,1464,1722,1633,lower
bbox/annotated_images/anno/Anopheles -790370.jpg,Anopheles -790370.jpg,3024,4032,1383,2331,1688,2572,head
bbox/annotated_images/anno/Anopheles -790370.jpg,Anopheles -790370.jpg,3024,4032,1325,2200,1605,2384,thorax
bbox/annotated_images/anno/Anopheles -790370.jpg,Anopheles -790370.jpg,3024,4032,1191,1634,1497,2216,abdomen
bbox/annotated_images/anno/Anopheles -790370.jpg,Anopheles -790370.jpg,3024,4032,1150,1506,1282,1669,lower
bbox/annotated_images/anno/Anopheles -808688.jpg,Anopheles -808688.jpg,3264,2448,151,508,561,1321,thorax
bbox/annotated_images/anno/Anopheles -808688.jpg,Anopheles -808688.jpg,3264,2448,429,16,2245,1104,abdomen
bbox/annotated_images/anno/Anopheles -808688.jpg,Anopheles -808688.jpg,3264,2448,1927,858,2531,1859,lower
bbox/annotated_images/anno/Anopheles -808706.jpg,Anopheles -808706.jpg,4160,3120,1941,1498,2465,1991,head
bbox/annotated_images/anno/Anopheles -808706.jpg,Anopheles -808706.jpg,4160,3120,2058,1102,2706,1631,thorax
bbox/annotated_images/anno/Anopheles -808706.jpg,Anopheles -808706.jpg,4160,3120,2416,994,3887,2040,abdomen
bbox/annotated_images/anno/Anopheles -808706.jpg,Anopheles -808706.jpg,4160,3120,3554,1984,3986,2558,lower
bbox/annotated_images/anno/Anopheles -814328.jpg,Anopheles -814328.jpg,4160,3120,1183,1257,1404,1468,head
bbox/annotated_images/anno/Anopheles -814328.jpg,Anopheles -814328.jpg,4160,3120,1321,1361,1582,1617,thorax
bbox/annotated_images/anno/Anopheles -814328.jpg,Anopheles -814328.jpg,4160,3120,2067,1879,2298,2065,lower
bbox/annotated_images/anno/Anopheles -814328.jpg,Anopheles -814328.jpg,4160,3120,1508,1522,2076,2082,abdomen
bbox/annotated_images/anno/Anopheles -814329.jpg,Anopheles -814329.jpg,4160,3120,1551,1294,1641,1455,lower
bbox/annotated_images/anno/Anopheles -814329.jpg,Anopheles -814329.jpg,4160,3120,1613,1437,1893,1540,abdomen
bbox/annotated_images/anno/Anopheles -814329.jpg,Anopheles -814329.jpg,4160,3120,1895,1456,1960,1554,thorax
bbox/annotated_images/anno/Anopheles -814329.jpg,Anopheles -814329.jpg,4160,3120,1960,1442,2031,1518,head
bbox/annotated_images/anno/Anopheles -814343.jpg,Anopheles -814343.jpg,3024,4032,643,1640,896,1901,lower
bbox/annotated_images/anno/Anopheles -814343.jpg,Anopheles -814343.jpg,3024,4032,847,1658,1612,2008,abdomen
bbox/annotated_images/anno/Anopheles -814343.jpg,Anopheles -814343.jpg,3024,4032,1419,1877,1776,2198,thorax
bbox/annotated_images/anno/Anopheles -814343.jpg,Anopheles -814343.jpg,3024,4032,1548,2037,1811,2264,head
bbox/annotated_images/anno/Anopheles -818011.jpg,Anopheles -818011.jpg,3840,2160,2274,125,2849,595,head
bbox/annotated_images/anno/Anopheles -818011.jpg,Anopheles -818011.jpg,3840,2160,1765,108,2330,590,thorax
bbox/annotated_images/anno/Anopheles -818011.jpg,Anopheles -818011.jpg,3840,2160,1396,452,2323,1197,abdomen
bbox/annotated_images/anno/Anopheles -818011.jpg,Anopheles -818011.jpg,3840,2160,2028,735,3122,1711,lower
bbox/annotated_images/anno/Anopheles -819620.jpg,Anopheles -819620.jpg,2112,1184,895,192,1115,355,head
bbox/annotated_images/anno/Anopheles -819620.jpg,Anopheles -819620.jpg,2112,1184,855,333,1094,517,thorax
bbox/annotated_images/anno/Anopheles -819620.jpg,Anopheles -819620.jpg,2112,1184,879,522,1037,975,abdomen
bbox/annotated_images/anno/Anopheles -821617.jpg,Anopheles -821617.jpg,3024,4032,1068,950,1704,2253,lower
bbox/annotated_images/anno/Anopheles -821617.jpg,Anopheles -821617.jpg,3024,4032,514,2118,1364,2715,abdomen
bbox/annotated_images/anno/Anopheles -823369.jpg,Anopheles -823369.jpg,4096,2304,2011,947,2876,1311,lower
bbox/annotated_images/anno/Anopheles -823369.jpg,Anopheles -823369.jpg,4096,2304,2819,711,3412,1204,abdomen
bbox/annotated_images/anno/Anopheles -830326.jpg,Anopheles -830326.jpg,4160,3120,2109,1188,2838,2035,lower
bbox/annotated_images/anno/Anopheles -830326.jpg,Anopheles -830326.jpg,4160,3120,1043,1684,2399,2524,abdomen
bbox/annotated_images/anno/Anopheles -830362.jpg,Anopheles -830362.jpg,2268,3024,163,732,1621,1742,lower
bbox/annotated_images/anno/Anopheles -830362.jpg,Anopheles -830362.jpg,2268,3024,1536,1075,2105,1680,abdomen
bbox/annotated_images/anno/Anopheles -830363.jpg,Anopheles -830363.jpg,2268,3024,229,477,1360,1265,lower
bbox/annotated_images/anno/Anopheles -830363.jpg,Anopheles -830363.jpg,2268,3024,1288,663,1981,1212,abdomen
bbox/annotated_images/anno/Anopheles -830367.jpg,Anopheles -830367.jpg,2268,3024,1275,768,1965,1477,head
bbox/annotated_images/anno/Anopheles -830367.jpg,Anopheles -830367.jpg,2268,3024,716,752,1337,1576,thorax
bbox/annotated_images/anno/Anopheles -830367.jpg,Anopheles -830367.jpg,2268,3024,157,931,713,1503,abdomen
bbox/annotated_images/anno/Anopheles -830369.jpg,Anopheles -830369.jpg,2268,3024,190,788,1997,1896,abdomen
bbox/annotated_images/anno/Anopheles -832300.jpg,Anopheles -832300.jpg,3120,4160,634,1290,1214,1964,head
bbox/annotated_images/anno/Anopheles -832300.jpg,Anopheles -832300.jpg,3120,4160,1012,1349,1646,2059,thorax
bbox/annotated_images/anno/Anopheles -832300.jpg,Anopheles -832300.jpg,3120,4160,1484,1295,2743,2037,abdomen
bbox/annotated_images/anno/Anopheles -832302.jpg,Anopheles -832302.jpg,3120,4160,670,1434,1156,2077,head
bbox/annotated_images/anno/Anopheles -832302.jpg,Anopheles -832302.jpg,3120,4160,958,1502,1565,2154,thorax
bbox/annotated_images/anno/Anopheles -832302.jpg,Anopheles -832302.jpg,3120,4160,1416,1376,2684,2131,abdomen
bbox/annotated_images/anno/Anopheles -834221.jpg,Anopheles -834221.jpg,4160,3120,1231,1150,1794,1865,head
bbox/annotated_images/anno/Anopheles -834221.jpg,Anopheles -834221.jpg,4160,3120,1592,877,2483,1970,thorax
bbox/annotated_images/anno/Anopheles -834221.jpg,Anopheles -834221.jpg,4160,3120,2392,1053,3023,1876,abdomen
bbox/annotated_images/anno/Anopheles -834222.jpg,Anopheles -834222.jpg,3120,4160,1794,1187,2536,1731,head
bbox/annotated_images/anno/Anopheles -834222.jpg,Anopheles -834222.jpg,3120,4160,1466,1672,2608,2679,thorax
bbox/annotated_images/anno/Anopheles -834222.jpg,Anopheles -834222.jpg,3120,4160,1169,2455,2104,3066,abdomen
bbox/annotated_images/anno/Anopheles -834223.jpg,Anopheles -834223.jpg,4160,3120,989,887,1370,1342,head
bbox/annotated_images/anno/Anopheles -834223.jpg,Anopheles -834223.jpg,4160,3120,1164,425,2105,1471,thorax
bbox/annotated_images/anno/Anopheles -834223.jpg,Anopheles -834223.jpg,4160,3120,1997,479,3056,1960,abdomen
bbox/annotated_images/anno/Anopheles -834224.jpg,Anopheles -834224.jpg,4160,3120,2014,989,2918,1853,lower
bbox/annotated_images/anno/Anopheles -834224.jpg,Anopheles -834224.jpg,4160,3120,1835,452,2621,1120,abdomen
bbox/annotated_images/anno/Anopheles -834225.jpg,Anopheles -834225.jpg,4160,3120,1417,1076,2574,2193,lower
bbox/annotated_images/anno/Anopheles -834225.jpg,Anopheles -834225.jpg,4160,3120,1299,425,2028,1120,abdomen
bbox/annotated_images/anno/Anopheles -834226.jpg,Anopheles -834226.jpg,4160,3120,1852,1285,2736,2105,lower
bbox/annotated_images/anno/Anopheles -834226.jpg,Anopheles -834226.jpg,4160,3120,1569,449,2433,1360,abdomen
bbox/annotated_images/anno/Anopheles -834227.jpg,Anopheles -834227.jpg,3120,4160,1443,1767,2464,2931,lower
bbox/annotated_images/anno/Anopheles -834227.jpg,Anopheles -834227.jpg,3120,4160,1938,1137,2657,2050,abdomen
bbox/annotated_images/anno/Anopheles -835240.jpg,Anopheles -835240.jpg,2448,3264,721,1212,956,1471,head
bbox/annotated_images/anno/Anopheles -835240.jpg,Anopheles -835240.jpg,2448,3264,933,1178,1212,1513,thorax
bbox/annotated_images/anno/Anopheles -835240.jpg,Anopheles -835240.jpg,2448,3264,1215,1180,1748,1831,abdomen
bbox/annotated_images/anno/Anopheles -835240.jpg,Anopheles -835240.jpg,2448,3264,1570,1832,1729,2366,lower
bbox/annotated_images/anno/Anopheles -835977.jpg,Anopheles -835977.jpg,768,1024,253,134,693,666,lower
bbox/annotated_images/anno/Anopheles -835977.jpg,Anopheles -835977.jpg,768,1024,587,570,766,901,abdomen
bbox/annotated_images/anno/Anopheles -837422.jpg,Anopheles -837422.jpg,4160,2352,1340,522,2395,1483,lower
bbox/annotated_images/anno/Anopheles -837422.jpg,Anopheles -837422.jpg,4160,2352,1041,908,3009,2205,abdomen
bbox/annotated_images/anno/Anopheles -837423.jpg,Anopheles -837423.jpg,4160,2352,1563,831,2839,2208,lower
bbox/annotated_images/anno/Anopheles -837424.jpg,Anopheles -837424.jpg,4160,2352,1734,221,2767,1454,lower
bbox/annotated_images/anno/Anopheles -837424.jpg,Anopheles -837424.jpg,4160,2352,1374,812,2953,2088,abdomen
bbox/annotated_images/anno/Anopheles -837425.jpg,Anopheles -837425.jpg,4160,2352,1119,1185,2246,1981,lower
bbox/annotated_images/anno/Anopheles -837425.jpg,Anopheles -837425.jpg,4160,2352,1686,977,2323,1539,head
bbox/annotated_images/anno/Anopheles -837425.jpg,Anopheles -837425.jpg,4160,2352,1561,397,2512,1055,thorax
bbox/annotated_images/anno/Anopheles -837425.jpg,Anopheles -837425.jpg,4160,2352,1057,64,2343,836,abdomen
bbox/annotated_images/anno/Anopheles -838820.jpg,Anopheles -838820.jpg,810,1080,264,523,468,685,lower
bbox/annotated_images/anno/Anopheles -838820.jpg,Anopheles -838820.jpg,810,1080,288,211,479,519,abdomen
bbox/annotated_images/anno/Anopheles -838822.jpg,Anopheles -838822.jpg,810,1080,329,212,538,548,lower
bbox/annotated_images/anno/Anopheles -838822.jpg,Anopheles -838822.jpg,810,1080,466,377,741,669,abdomen
bbox/annotated_images/anno/Anopheles -843246.jpg,Anopheles -843246.jpg,2736,4864,589,1747,2373,2599,lower
bbox/annotated_images/anno/Anopheles -843246.jpg,Anopheles -843246.jpg,2736,4864,2194,1968,2510,2873,abdomen
bbox/annotated_images/anno/Anopheles -843248.jpg,Anopheles -843248.jpg,2736,4864,305,1810,2520,2841,abdomen
bbox/annotated_images/anno/Anopheles -847823.jpg,Anopheles -847823.jpg,780,1040,237,309,354,437,head
bbox/annotated_images/anno/Anopheles -847823.jpg,Anopheles -847823.jpg,780,1040,341,276,485,482,thorax
bbox/annotated_images/anno/Anopheles -847823.jpg,Anopheles -847823.jpg,780,1040,316,348,619,682,abdomen
bbox/annotated_images/anno/Anopheles -847823.jpg,Anopheles -847823.jpg,780,1040,142,414,336,634,lower
bbox/annotated_images/anno/Anopheles -847832.jpg,Anopheles -847832.jpg,3264,2448,847,19,2086,959,lower
bbox/annotated_images/anno/Anopheles -847832.jpg,Anopheles -847832.jpg,3264,2448,246,490,1948,2123,abdomen
bbox/annotated_images/anno/Anopheles -857964.jpg,Anopheles -857964.jpg,3024,4032,719,1420,1248,1952,head
bbox/annotated_images/anno/Anopheles -857964.jpg,Anopheles -857964.jpg,3024,4032,1074,1614,1610,2146,thorax
bbox/annotated_images/anno/Anopheles -857964.jpg,Anopheles -857964.jpg,3024,4032,706,1948,1793,2791,abdomen
bbox/annotated_images/anno/Anopheles -857964.jpg,Anopheles -857964.jpg,3024,4032,675,1856,849,2364,lower
bbox/annotated_images/anno/Anopheles -857966.jpg,Anopheles -857966.jpg,3024,4032,597,1898,928,2456,head
bbox/annotated_images/anno/Anopheles -857966.jpg,Anopheles -857966.jpg,3024,4032,876,1882,1262,2527,thorax
bbox/annotated_images/anno/Anopheles -857966.jpg,Anopheles -857966.jpg,3024,4032,1209,1233,2355,2346,abdomen
bbox/annotated_images/anno/Anopheles -857966.jpg,Anopheles -857966.jpg,3024,4032,1418,1063,2239,1407,lower
bbox/annotated_images/anno/Anopheles -858077.jpg,Anopheles -858077.jpg,2448,3264,1760,1556,2014,1764,lower
bbox/annotated_images/anno/Anopheles -858077.jpg,Anopheles -858077.jpg,2448,3264,1026,967,1809,1732,abdomen
bbox/annotated_images/anno/Anopheles -858077.jpg,Anopheles -858077.jpg,2448,3264,829,737,1333,1033,thorax
bbox/annotated_images/anno/Anopheles -858077.jpg,Anopheles -858077.jpg,2448,3264,772,593,1209,791,head
bbox/annotated_images/anno/Anopheles -872581.jpg,Anopheles -872581.jpg,3120,4160,895,2198,1790,3088,lower
bbox/annotated_images/anno/Anopheles -872581.jpg,Anopheles -872581.jpg,3120,4160,1349,958,2190,2302,abdomen
bbox/annotated_images/anno/Anopheles -872582.jpg,Anopheles -872582.jpg,3120,3120,887,1646,1798,2584,lower
bbox/annotated_images/anno/Anopheles -872582.jpg,Anopheles -872582.jpg,3120,3120,1339,435,2169,1811,abdomen
bbox/annotated_images/anno/Anopheles -873131.jpg,Anopheles -873131.jpg,960,540,556,220,722,405,head
bbox/annotated_images/anno/Anopheles -873131.jpg,Anopheles -873131.jpg,960,540,294,192,600,486,thorax
bbox/annotated_images/anno/Anopheles -873131.jpg,Anopheles -873131.jpg,960,540,340,23,784,219,abdomen
bbox/annotated_images/anno/Anopheles -879954.jpg,Anopheles -879954.jpg,810,1440,203,408,578,740,lower
bbox/annotated_images/anno/Anopheles -879954.jpg,Anopheles -879954.jpg,810,1440,578,519,800,765,abdomen
bbox/annotated_images/anno/Anopheles -879955.jpg,Anopheles -879955.jpg,810,1440,129,611,358,954,lower
bbox/annotated_images/anno/Anopheles -879955.jpg,Anopheles -879955.jpg,810,1440,50,268,282,640,abdomen
bbox/annotated_images/anno/Anopheles -879956.jpg,Anopheles -879956.jpg,810,1440,212,478,612,721,lower
bbox/annotated_images/anno/Anopheles -879956.jpg,Anopheles -879956.jpg,810,1440,3,484,258,778,abdomen
bbox/annotated_images/anno/Anopheles -879956.jpg,Anopheles -879956.jpg,810,1440,301,608,585,938,head
bbox/annotated_images/anno/Anopheles -879956.jpg,Anopheles -879956.jpg,810,1440,156,827,511,1011,thorax
bbox/annotated_images/anno/Anopheles -884050.jpg,Anopheles -884050.jpg,3120,4160,1425,1960,1888,2562,lower
bbox/annotated_images/anno/Anopheles -884050.jpg,Anopheles -884050.jpg,3120,4160,805,1088,1592,2073,abdomen
bbox/annotated_images/anno/Anopheles -887516.jpg,Anopheles -887516.jpg,768,1024,303,153,566,422,head
bbox/annotated_images/anno/Anopheles -887516.jpg,Anopheles -887516.jpg,768,1024,112,313,544,655,thorax
bbox/annotated_images/anno/Anopheles -887516.jpg,Anopheles -887516.jpg,768,1024,191,594,766,840,abdomen
bbox/annotated_images/anno/Anopheles -887521.jpg,Anopheles -887521.jpg,3120,4160,1227,616,2306,1708,head
bbox/annotated_images/anno/Anopheles -887521.jpg,Anopheles -887521.jpg,3120,4160,445,1250,2189,2662,thorax
bbox/annotated_images/anno/Anopheles -887521.jpg,Anopheles -887521.jpg,3120,4160,782,2405,3106,3403,abdomen
bbox/annotated_images/anno/Anopheles -887523.jpg,Anopheles -887523.jpg,3120,4160,1115,1169,1749,1686,head
bbox/annotated_images/anno/Anopheles -887523.jpg,Anopheles -887523.jpg,3120,4160,899,1645,1929,2342,thorax
bbox/annotated_images/anno/Anopheles -887523.jpg,Anopheles -887523.jpg,3120,4160,1200,2144,2625,2863,abdomen
bbox/annotated_images/anno/Anopheles -887818.jpg,Anopheles -887818.jpg,4864,2736,2862,975,3572,1928,head
bbox/annotated_images/anno/Anopheles -887818.jpg,Anopheles -887818.jpg,4864,2736,1980,623,2936,2152,thorax
bbox/annotated_images/anno/Anopheles -887818.jpg,Anopheles -887818.jpg,4864,2736,1270,993,2086,2155,abdomen
bbox/annotated_images/anno/Anopheles -887821.jpg,Anopheles -887821.jpg,4864,2736,1236,1137,2248,1651,lower
bbox/annotated_images/anno/Anopheles -887821.jpg,Anopheles -887821.jpg,4864,2736,2055,1140,3553,2407,abdomen
bbox/annotated_images/anno/Anopheles -906151.jpg,Anopheles -906151.jpg,3024,4032,1154,2330,1407,2583,head
bbox/annotated_images/anno/Anopheles -906151.jpg,Anopheles -906151.jpg,3024,4032,1267,2156,1532,2398,thorax
bbox/annotated_images/anno/Anopheles -906151.jpg,Anopheles -906151.jpg,3024,4032,1394,1677,1873,2195,abdomen
bbox/annotated_images/anno/Anopheles -906151.jpg,Anopheles -906151.jpg,3024,4032,1628,1529,2010,1771,lower
bbox/annotated_images/anno/Anopheles -906370.jpg,Anopheles -906370.jpg,3024,4032,353,9,1163,532,head
bbox/annotated_images/anno/Anopheles -906370.jpg,Anopheles -906370.jpg,3024,4032,593,314,1582,1172,thorax
bbox/annotated_images/anno/Anopheles -906370.jpg,Anopheles -906370.jpg,3024,4032,950,985,2710,3081,abdomen
bbox/annotated_images/anno/Anopheles -906370.jpg,Anopheles -906370.jpg,3024,4032,1630,2697,2902,3799,lower
bbox/annotated_images/anno/Anopheles -906899.jpg,Anopheles -906899.jpg,890,1188,527,257,725,407,head
bbox/annotated_images/anno/Anopheles -906899.jpg,Anopheles -906899.jpg,890,1188,428,321,712,598,thorax
bbox/annotated_images/anno/Anopheles -906899.jpg,Anopheles -906899.jpg,890,1188,277,506,698,837,abdomen
bbox/annotated_images/anno/Anopheles -906899.jpg,Anopheles -906899.jpg,890,1188,638,407,745,670,lower
bbox/annotated_images/anno/Anopheles -907864.jpg,Anopheles -907864.jpg,3264,2448,1729,919,2166,1758,lower
bbox/annotated_images/anno/Anopheles -907864.jpg,Anopheles -907864.jpg,3264,2448,958,717,1874,1223,abdomen
bbox/annotated_images/anno/Anopheles -907872.jpg,Anopheles -907872.jpg,2448,3264,880,1025,1069,1214,head
bbox/annotated_images/anno/Anopheles -907872.jpg,Anopheles -907872.jpg,2448,3264,817,1164,1027,1339,thorax
bbox/annotated_images/anno/Anopheles -907872.jpg,Anopheles -907872.jpg,2448,3264,831,1346,981,1909,abdomen
bbox/annotated_images/anno/Anopheles -907872.jpg,Anopheles -907872.jpg,2448,3264,922,1841,1082,2114,lower
bbox/annotated_images/anno/Anopheles -908530.jpg,Anopheles -908530.jpg,1936,1936,1668,433,1909,734,head
bbox/annotated_images/anno/Anopheles -908530.jpg,Anopheles -908530.jpg,1936,1936,1352,450,1695,835,thorax
bbox/annotated_images/anno/Anopheles -908530.jpg,Anopheles -908530.jpg,1936,1936,1000,565,1393,1415,abdomen
bbox/annotated_images/anno/Anopheles -908530.jpg,Anopheles -908530.jpg,1936,1936,1149,1360,1386,1632,lower
bbox/annotated_images/anno/Anopheles -926450.jpg,Anopheles -926450.jpg,780,1040,238,308,356,437,head
bbox/annotated_images/anno/Anopheles -926450.jpg,Anopheles -926450.jpg,780,1040,341,275,484,481,thorax
bbox/annotated_images/anno/Anopheles -926450.jpg,Anopheles -926450.jpg,780,1040,315,344,623,686,abdomen
bbox/annotated_images/anno/Anopheles -926450.jpg,Anopheles -926450.jpg,780,1040,147,418,344,626,lower
bbox/annotated_images/anno/Anopheles -926451.jpg,Anopheles -926451.jpg,780,1040,223,363,329,487,head
bbox/annotated_images/anno/Anopheles -926451.jpg,Anopheles -926451.jpg,780,1040,323,330,463,533,thorax
bbox/annotated_images/anno/Anopheles -926451.jpg,Anopheles -926451.jpg,780,1040,289,394,596,736,abdomen
bbox/annotated_images/anno/Anopheles -926451.jpg,Anopheles -926451.jpg,780,1040,120,466,328,681,lower
bbox/annotated_images/anno/Anopheles -928241.jpg,Anopheles -928241.jpg,890,1188,385,625,584,901,head
bbox/annotated_images/anno/Anopheles -928241.jpg,Anopheles -928241.jpg,890,1188,509,531,718,759,thorax
bbox/annotated_images/anno/Anopheles -928241.jpg,Anopheles -928241.jpg,890,1188,249,646,408,909,lower
bbox/annotated_images/anno/Anopheles -928241.jpg,Anopheles -928241.jpg,890,1188,279,462,451,662,abdomen
bbox/annotated_images/anno/Anopheles -928245.jpg,Anopheles -928245.jpg,890,1188,387,606,652,856,lower
bbox/annotated_images/anno/Anopheles -928245.jpg,Anopheles -928245.jpg,890,1188,139,393,454,670,abdomen
bbox/annotated_images/anno/Anopheles -928245.jpg,Anopheles -928245.jpg,890,1188,71,638,224,814,head
bbox/annotated_images/anno/Anopheles -928250.jpg,Anopheles -928250.jpg,890,1188,285,501,666,876,head
bbox/annotated_images/anno/Anopheles -928250.jpg,Anopheles -928250.jpg,890,1188,161,735,501,1116,lower
bbox/annotated_images/anno/Anopheles -928250.jpg,Anopheles -928250.jpg,890,1188,672,491,889,872,thorax
bbox/annotated_images/anno/Anopheles -942465.jpg,Anopheles -942465.jpg,2560,1440,1010,26,1477,410,lower
bbox/annotated_images/anno/Anopheles -942465.jpg,Anopheles -942465.jpg,2560,1440,1183,275,1685,1352,abdomen
bbox/annotated_images/anno/Anopheles -942467.jpg,Anopheles -942467.jpg,2560,1440,916,97,1418,417,lower
bbox/annotated_images/anno/Anopheles -942467.jpg,Anopheles -942467.jpg,2560,1440,1116,369,1631,1349,abdomen
bbox/annotated_images/anno/Anopheles -947264.jpg,Anopheles -947264.jpg,750,1334,226,342,559,775,lower
bbox/annotated_images/anno/Anopheles -947264.jpg,Anopheles -947264.jpg,750,1334,179,225,545,443,abdomen
bbox/annotated_images/anno/Anopheles -947272.jpg,Anopheles -947272.jpg,3264,2448,892,704,2139,1683,lower
bbox/annotated_images/anno/Anopheles -954147.jpg,Anopheles -954147.jpg,816,1728,185,555,551,996,head
bbox/annotated_images/anno/Anopheles -954147.jpg,Anopheles -954147.jpg,816,1728,319,753,797,1220,thorax
bbox/annotated_images/anno/Anopheles -954308.jpg,Anopheles -954308.jpg,720,960,423,384,665,610,lower
bbox/annotated_images/anno/Anopheles -954308.jpg,Anopheles -954308.jpg,720,960,538,295,658,424,abdomen
bbox/annotated_images/anno/Anopheles -954343.jpg,Anopheles -954343.jpg,960,540,212,79,475,340,head
bbox/annotated_images/anno/Anopheles -954343.jpg,Anopheles -954343.jpg,960,540,319,178,600,465,thorax
bbox/annotated_images/anno/Anopheles -954343.jpg,Anopheles -954343.jpg,960,540,524,228,742,481,abdomen
bbox/annotated_images/anno/Anopheles -954389.jpg,Anopheles -954389.jpg,960,540,130,16,288,302,thorax
bbox/annotated_images/anno/Anopheles -954389.jpg,Anopheles -954389.jpg,960,540,255,3,721,338,abdomen
bbox/annotated_images/anno/Anopheles -954398.jpg,Anopheles -954398.jpg,720,960,132,237,338,548,lower
bbox/annotated_images/anno/Anopheles -954398.jpg,Anopheles -954398.jpg,720,960,282,217,436,355,head
bbox/annotated_images/anno/Anopheles -954398.jpg,Anopheles -954398.jpg,720,960,321,323,635,601,abdomen
bbox/annotated_images/anno/Anopheles -954398.jpg,Anopheles -954398.jpg,720,960,437,225,581,369,thorax
bbox/annotated_images/anno/Anopheles -954413.jpg,Anopheles -954413.jpg,720,960,223,425,427,693,lower
bbox/annotated_images/anno/Anopheles -954413.jpg,Anopheles -954413.jpg,720,960,183,214,377,441,abdomen
bbox/annotated_images/anno/Anopheles -954452.jpg,Anopheles -954452.jpg,1108,1478,337,337,708,748,lower
bbox/annotated_images/anno/Anopheles -954452.jpg,Anopheles -954452.jpg,1108,1478,339,497,839,1097,abdomen
bbox/annotated_images/anno/Anopheles -954511.jpg,Anopheles -954511.jpg,1706,960,226,38,507,550,thorax
bbox/annotated_images/anno/Anopheles -954511.jpg,Anopheles -954511.jpg,1706,960,358,3,1281,602,abdomen
bbox/annotated_images/anno/Anopheles -955399.jpg,Anopheles -955399.jpg,720,1280,191,260,476,606,lower
bbox/annotated_images/anno/Anopheles -955399.jpg,Anopheles -955399.jpg,720,1280,404,490,677,879,abdomen
bbox/annotated_images/anno/Anopheles -955496.jpg,Anopheles -955496.jpg,4160,3120,2169,1852,2854,2608,lower
bbox/annotated_images/anno/Anopheles -955496.jpg,Anopheles -955496.jpg,4160,3120,1312,709,2584,2129,abdomen
bbox/annotated_images/anno/Anopheles -955521.jpg,Anopheles -955521.jpg,1706,960,773,675,1121,874,lower
bbox/annotated_images/anno/Anopheles -955521.jpg,Anopheles -955521.jpg,1706,960,755,448,1020,717,head
bbox/annotated_images/anno/Anopheles -955521.jpg,Anopheles -955521.jpg,1706,960,767,163,1139,521,thorax
bbox/annotated_images/anno/Anopheles -955521.jpg,Anopheles -955521.jpg,1706,960,895,36,1423,790,abdomen
bbox/annotated_images/anno/Anopheles -955532.jpg,Anopheles -955532.jpg,1477,1108,764,652,1024,923,lower
bbox/annotated_images/anno/Anopheles -955532.jpg,Anopheles -955532.jpg,1477,1108,496,253,930,755,abdomen
bbox/annotated_images/anno/Anopheles -955638.jpg,Anopheles -955638.jpg,4608,3456,1562,665,2709,1016,lower
bbox/annotated_images/anno/Anopheles -955638.jpg,Anopheles -955638.jpg,4608,3456,2276,774,3027,2317,abdomen
bbox/annotated_images/anno/Anopheles -955638.jpg,Anopheles -955638.jpg,4608,3456,2493,1902,3188,2608,thorax
bbox/annotated_images/anno/Anopheles -955641.jpg,Anopheles -955641.jpg,4608,3456,2138,1215,2833,1891,head
bbox/annotated_images/anno/Anopheles -955641.jpg,Anopheles -955641.jpg,4608,3456,1913,893,2634,1622,thorax
bbox/annotated_images/anno/Anopheles -955641.jpg,Anopheles -955641.jpg,4608,3456,1734,564,2302,1311,abdomen
bbox/annotated_images/anno/Anopheles -955691.jpg,Anopheles -955691.jpg,3120,4160,899,2625,2117,3084,lower
bbox/annotated_images/anno/Anopheles -955691.jpg,Anopheles -955691.jpg,3120,4160,1160,1097,2140,2617,abdomen
bbox/annotated_images/anno/Anopheles -966362.jpg,Anopheles -966362.jpg,2560,1280,1044,790,1298,1042,head
bbox/annotated_images/anno/Anopheles -966362.jpg,Anopheles -966362.jpg,2560,1280,1170,849,1506,1201,thorax
bbox/annotated_images/anno/Anopheles -966362.jpg,Anopheles -966362.jpg,2560,1280,1436,611,1949,1191,abdomen
bbox/annotated_images/anno/Anopheles -966363.jpg,Anopheles -966363.jpg,2560,1280,1845,474,1994,697,head
bbox/annotated_images/anno/Anopheles -966363.jpg,Anopheles -966363.jpg,2560,1280,1680,266,1975,553,thorax
bbox/annotated_images/anno/Anopheles -966363.jpg,Anopheles -966363.jpg,2560,1280,1429,146,1983,902,abdomen
bbox/annotated_images/anno/Anopheles -978633.jpg,Anopheles -978633.jpg,2560,1920,1024,567,1365,866,lower
bbox/annotated_images/anno/Anopheles -978633.jpg,Anopheles -978633.jpg,2560,1920,965,648,1216,1213,abdomen
bbox/annotated_images/anno/Anopheles -980738.jpg,Anopheles -980738.jpg,2560,1280,1064,667,1249,824,head
bbox/annotated_images/anno/Anopheles -980738.jpg,Anopheles -980738.jpg,2560,1280,1033,759,1202,911,thorax
bbox/annotated_images/anno/Anopheles -980738.jpg,Anopheles -980738.jpg,2560,1280,742,831,1109,1039,abdomen
bbox/annotated_images/anno/Anopheles -980738.jpg,Anopheles -980738.jpg,2560,1280,774,957,1007,1060,lower
bbox/annotated_images/aedes/Aedes -202244.jpg,Aedes -202244.jpg,3264,2448,1589,907,1858,1169,head
bbox/annotated_images/aedes/Aedes -202244.jpg,Aedes -202244.jpg,3264,2448,1719,1007,2031,1315,thorax
bbox/annotated_images/aedes/Aedes -202244.jpg,Aedes -202244.jpg,3264,2448,1309,1165,2046,1514,abdomen
bbox/annotated_images/aedes/Aedes -202244.jpg,Aedes -202244.jpg,3264,2448,1207,1345,1604,1638,lower
bbox/annotated_images/aedes/Aedes -485056.jpg,Aedes -485056.jpg,3264,2448,1192,1407,1755,1640,abdomen
bbox/annotated_images/aedes/Aedes -485056.jpg,Aedes -485056.jpg,3264,2448,1741,1194,1955,1504,lower
bbox/annotated_images/aedes/Aedes -485057.jpg,Aedes -485057.jpg,2448,3264,1194,1647,1434,1895,head
bbox/annotated_images/aedes/Aedes -485057.jpg,Aedes -485057.jpg,2448,3264,1337,1565,1531,1768,thorax
bbox/annotated_images/aedes/Aedes -485057.jpg,Aedes -485057.jpg,2448,3264,1494,1073,1736,1634,abdomen
bbox/annotated_images/aedes/Aedes -485057.jpg,Aedes -485057.jpg,2448,3264,1415,984,1646,1122,lower
bbox/annotated_images/aedes/Aedes -485059.jpg,Aedes -485059.jpg,2448,3264,1264,1619,1472,1873,head
bbox/annotated_images/aedes/Aedes -485059.jpg,Aedes -485059.jpg,2448,3264,1160,1613,1319,1770,thorax
bbox/annotated_images/aedes/Aedes -485059.jpg,Aedes -485059.jpg,2448,3264,1110,1366,1560,1635,abdomen
bbox/annotated_images/aedes/Aedes -485059.jpg,Aedes -485059.jpg,2448,3264,1511,1582,1765,1887,lower
bbox/annotated_images/aedes/Aedes -506150.jpg,Aedes -506150.jpg,2448,3264,884,1398,1009,1514,head
bbox/annotated_images/aedes/Aedes -506150.jpg,Aedes -506150.jpg,2448,3264,902,1333,1005,1395,thorax
bbox/annotated_images/aedes/Aedes -506150.jpg,Aedes -506150.jpg,2448,3264,835,950,992,1332,abdomen
bbox/annotated_images/aedes/Aedes -506150.jpg,Aedes -506150.jpg,2448,3264,787,813,953,962,lower
bbox/annotated_images/aedes/Aedes -506151.jpg,Aedes -506151.jpg,2448,3264,674,1996,1274,2627,head
bbox/annotated_images/aedes/Aedes -506151.jpg,Aedes -506151.jpg,2448,3264,1196,2049,1538,2430,thorax
bbox/annotated_images/aedes/Aedes -506151.jpg,Aedes -506151.jpg,2448,3264,360,1090,1718,2240,abdomen
bbox/annotated_images/aedes/Aedes -506151.jpg,Aedes -506151.jpg,2448,3264,360,476,1196,1076,lower
bbox/annotated_images/aedes/Aedes -517148.jpg,Aedes -517148.jpg,2448,3264,1171,653,1996,1909,lower
bbox/annotated_images/aedes/Aedes -517148.jpg,Aedes -517148.jpg,2448,3264,402,716,1280,2769,abdomen
bbox/annotated_images/aedes/Aedes -517148.jpg,Aedes -517148.jpg,2448,3264,0,2141,402,2667,thorax
bbox/annotated_images/aedes/Aedes -779878.jpg,Aedes -779878.jpg,1936,2592,1122,1683,1311,1870,head
bbox/annotated_images/aedes/Aedes -779878.jpg,Aedes -779878.jpg,1936,2592,979,1673,1136,1879,thorax
bbox/annotated_images/aedes/Aedes -779878.jpg,Aedes -779878.jpg,1936,2592,624,1284,974,1832,abdomen
bbox/annotated_images/aedes/Aedes -779878.jpg,Aedes -779878.jpg,1936,2592,944,1251,1282,1363,lower
bbox/annotated_images/aedes/Aedes -779879.jpg,Aedes -779879.jpg,1936,2592,787,946,938,1087,head
bbox/annotated_images/aedes/Aedes -779879.jpg,Aedes -779879.jpg,1936,2592,783,1080,974,1217,thorax
bbox/annotated_images/aedes/Aedes -779879.jpg,Aedes -779879.jpg,1936,2592,827,1222,1343,1717,abdomen
bbox/annotated_images/aedes/Aedes -779879.jpg,Aedes -779879.jpg,1936,2592,1285,1645,1470,1800,lower
bbox/annotated_images/aedes/Aedes -779880.jpg,Aedes -779880.jpg,1936,2592,883,277,1676,1468,lower
bbox/annotated_images/aedes/Aedes -779880.jpg,Aedes -779880.jpg,1936,2592,510,1401,1362,2443,abdomen
bbox/annotated_images/aedes/Aedes -825526.jpg,Aedes -825526.jpg,2322,3096,1120,1276,1927,2037,head
bbox/annotated_images/aedes/Aedes -825526.jpg,Aedes -825526.jpg,2322,3096,727,1666,1492,2297,thorax
bbox/annotated_images/aedes/Aedes -825527.jpg,Aedes -825527.jpg,720,1280,118,596,350,801,lower
bbox/annotated_images/aedes/Aedes -825527.jpg,Aedes -825527.jpg,720,1280,241,402,649,658,abdomen
bbox/annotated_images/aedes/Aedes -827229.jpg,Aedes -827229.jpg,2322,3096,1119,962,1668,1492,lower
bbox/annotated_images/aedes/Aedes -827229.jpg,Aedes -827229.jpg,2322,3096,420,1494,1711,2143,abdomen
bbox/annotated_images/aedes/Aedes -827230.jpg,Aedes -827230.jpg,2322,3096,1174,1735,1669,2202,head
bbox/annotated_images/aedes/Aedes -827230.jpg,Aedes -827230.jpg,2322,3096,1066,1263,1730,1768,thorax
bbox/annotated_images/aedes/Aedes -827230.jpg,Aedes -827230.jpg,2322,3096,673,775,1680,1345,abdomen
bbox/annotated_images/aedes/Aedes -828476.jpg,Aedes -828476.jpg,2322,3096,1566,1141,2195,2453,lower
bbox/annotated_images/aedes/Aedes -828476.jpg,Aedes -828476.jpg,2322,3096,7,401,2048,1676,abdomen
bbox/annotated_images/aedes/Aedes -830302.jpg,Aedes -830302.jpg,2448,3264,434,1735,988,2261,lower
bbox/annotated_images/aedes/Aedes -830302.jpg,Aedes -830302.jpg,2448,3264,769,910,1894,1869,abdomen
bbox/annotated_images/aedes/Aedes -830302.jpg,Aedes -830302.jpg,2448,3264,1132,1510,1869,2060,thorax
bbox/annotated_images/aedes/Aedes -830302.jpg,Aedes -830302.jpg,2448,3264,1146,1929,1710,2504,head
bbox/annotated_images/aedes/Aedes -830304.jpg,Aedes -830304.jpg,2448,3264,353,1481,1327,2112,lower
bbox/annotated_images/aedes/Aedes -830304.jpg,Aedes -830304.jpg,2448,3264,1058,790,2134,1725,abdomen
bbox/annotated_images/aedes/Aedes -830304.jpg,Aedes -830304.jpg,2448,3264,1489,1658,2131,2275,head
bbox/annotated_images/aedes/Aedes -832335.jpg,Aedes -832335.jpg,3120,4160,1065,1070,1564,1609,head
bbox/annotated_images/aedes/Aedes -832335.jpg,Aedes -832335.jpg,3120,4160,616,1304,1425,2095,thorax
bbox/annotated_images/aedes/Aedes -832335.jpg,Aedes -832335.jpg,3120,4160,616,1434,2396,2607,abdomen
bbox/annotated_images/aedes/Aedes -832335.jpg,Aedes -832335.jpg,3120,4160,2059,1052,2504,1582,lower
bbox/annotated_images/aedes/Aedes -834168.jpg,Aedes -834168.jpg,3120,4160,1466,1101,2185,1753,head
bbox/annotated_images/aedes/Aedes -834168.jpg,Aedes -834168.jpg,3120,4160,971,1556,1996,2365,thorax
bbox/annotated_images/aedes/Aedes -834168.jpg,Aedes -834168.jpg,3120,4160,719,2171,1609,2850,abdomen
bbox/annotated_images/aedes/Aedes -834169.jpg,Aedes -834169.jpg,3120,4160,2432,1681,2684,2306,head
bbox/annotated_images/aedes/Aedes -834169.jpg,Aedes -834169.jpg,3120,4160,1717,1744,2607,2791,thorax
bbox/annotated_images/aedes/Aedes -834169.jpg,Aedes -834169.jpg,3120,4160,710,2140,2054,2936,abdomen
bbox/annotated_images/aedes/Aedes -834170.jpg,Aedes -834170.jpg,3120,4160,998,2432,1758,2989,head
bbox/annotated_images/aedes/Aedes -834170.jpg,Aedes -834170.jpg,3120,4160,985,1636,1974,2432,thorax
bbox/annotated_images/aedes/Aedes -834170.jpg,Aedes -834170.jpg,3120,4160,638,1003,1690,1821,abdomen
bbox/annotated_images/aedes/Aedes -834171.jpg,Aedes -834171.jpg,3120,4160,1686,1843,2689,2625,abdomen
bbox/annotated_images/aedes/Aedes -834171.jpg,Aedes -834171.jpg,3120,4160,1227,1708,1672,2454,lower
bbox/annotated_images/aedes/Aedes -834174.jpg,Aedes -834174.jpg,3120,4160,800,2315,1375,2854,abdomen
bbox/annotated_images/aedes/Aedes -834174.jpg,Aedes -834174.jpg,3120,4160,1083,1493,2027,2734,lower
bbox/annotated_images/aedes/Aedes -850564.jpg,Aedes -850564.jpg,1920,1080,883,635,1235,1003,head
bbox/annotated_images/aedes/Aedes -850564.jpg,Aedes -850564.jpg,1920,1080,613,569,896,971,thorax
bbox/annotated_images/aedes/Aedes -850564.jpg,Aedes -850564.jpg,1920,1080,608,207,1296,665,abdomen
bbox/annotated_images/aedes/Aedes -850564.jpg,Aedes -850564.jpg,1920,1080,918,21,1390,523,lower
bbox/annotated_images/aedes/Aedes -850568.jpg,Aedes -850568.jpg,1920,1080,717,499,1141,782,lower
bbox/annotated_images/aedes/Aedes -850568.jpg,Aedes -850568.jpg,1920,1080,905,36,1227,510,abdomen
bbox/annotated_images/aedes/Aedes -850568.jpg,Aedes -850568.jpg,1920,1080,1126,220,1511,638,head
bbox/annotated_images/aedes/Aedes -850568.jpg,Aedes -850568.jpg,1920,1080,1361,106,1615,485,thorax
bbox/annotated_images/aedes/Aedes -850582.jpg,Aedes -850582.jpg,1306,2322,422,1000,687,1323,head
bbox/annotated_images/aedes/Aedes -850582.jpg,Aedes -850582.jpg,1306,2322,668,985,901,1303,thorax
bbox/annotated_images/aedes/Aedes -850582.jpg,Aedes -850582.jpg,1306,2322,753,581,1269,1125,abdomen
bbox/annotated_images/aedes/Aedes -850582.jpg,Aedes -850582.jpg,1306,2322,790,1075,1160,1432,lower
bbox/annotated_images/aedes/Aedes -850583.jpg,Aedes -850583.jpg,4128,2322,2018,690,2931,2280,abdomen
bbox/annotated_images/aedes/Aedes -850583.jpg,Aedes -850583.jpg,4128,2322,1497,477,2299,1080,lower
bbox/annotated_images/aedes/Aedes -851202.jpg,Aedes -851202.jpg,750,1334,320,744,426,852,head
bbox/annotated_images/aedes/Aedes -851202.jpg,Aedes -851202.jpg,750,1334,348,647,463,744,thorax
bbox/annotated_images/aedes/Aedes -851202.jpg,Aedes -851202.jpg,750,1334,238,481,433,661,abdomen
bbox/annotated_images/aedes/Aedes -851202.jpg,Aedes -851202.jpg,750,1334,332,404,432,544,lower
bbox/annotated_images/aedes/Aedes -858107.jpg,Aedes -858107.jpg,4032,3024,1749,90,3473,3017,lower
bbox/annotated_images/aedes/Aedes -858107.jpg,Aedes -858107.jpg,4032,3024,2910,201,3989,1024,abdomen
bbox/annotated_images/aedes/Aedes -860632.jpg,Aedes -860632.jpg,3264,2448,1748,459,2415,1267,lower
bbox/annotated_images/aedes/Aedes -860632.jpg,Aedes -860632.jpg,3264,2448,1665,926,2107,1745,abdomen
bbox/annotated_images/aedes/Aedes -860632.jpg,Aedes -860632.jpg,3264,2448,1517,1590,2021,1977,thorax
bbox/annotated_images/aedes/Aedes -860632.jpg,Aedes -860632.jpg,3264,2448,1438,1803,1870,2174,head
bbox/annotated_images/aedes/Aedes -860633.jpg,Aedes -860633.jpg,3264,2448,1416,1803,1989,2169,head
bbox/annotated_images/aedes/Aedes -860633.jpg,Aedes -860633.jpg,3264,2448,1486,1588,1952,1856,thorax
bbox/annotated_images/aedes/Aedes -860633.jpg,Aedes -860633.jpg,3264,2448,1648,871,2117,1675,abdomen
bbox/annotated_images/aedes/Aedes -860633.jpg,Aedes -860633.jpg,3264,2448,1733,454,2402,1269,lower
bbox/annotated_images/aedes/Aedes -861785.jpg,Aedes -861785.jpg,3120,4160,869,1394,1191,1781,head
bbox/annotated_images/aedes/Aedes -861785.jpg,Aedes -861785.jpg,3120,4160,1197,1391,1423,1722,thorax
bbox/annotated_images/aedes/Aedes -861785.jpg,Aedes -861785.jpg,3120,4160,1424,1473,2020,2144,abdomen
bbox/annotated_images/aedes/Aedes -861785.jpg,Aedes -861785.jpg,3120,4160,1556,2073,2214,2356,lower
bbox/annotated_images/aedes/Aedes -861814.jpg,Aedes -861814.jpg,3120,4160,2276,1308,2538,1744,head
bbox/annotated_images/aedes/Aedes -861814.jpg,Aedes -861814.jpg,3120,4160,2011,1412,2413,1880,thorax
bbox/annotated_images/aedes/Aedes -861814.jpg,Aedes -861814.jpg,3120,4160,992,1499,2013,1973,abdomen
bbox/annotated_images/aedes/Aedes -861814.jpg,Aedes -861814.jpg,3120,4160,733,1975,1311,2408,lower
bbox/annotated_images/aedes/Aedes -861815.jpg,Aedes -861815.jpg,3120,4160,2095,1234,2524,1742,head
bbox/annotated_images/aedes/Aedes -861815.jpg,Aedes -861815.jpg,3120,4160,1848,1403,2194,1880,thorax
bbox/annotated_images/aedes/Aedes -861815.jpg,Aedes -861815.jpg,3120,4160,816,1493,1850,2035,abdomen
bbox/annotated_images/aedes/Aedes -861815.jpg,Aedes -861815.jpg,3120,4160,737,1947,1137,2392,lower
bbox/annotated_images/aedes/Aedes -862613.jpg,Aedes -862613.jpg,3120,4160,728,1861,1103,2288,head
bbox/annotated_images/aedes/Aedes -862613.jpg,Aedes -862613.jpg,3120,4160,1045,1762,1375,2250,thorax
bbox/annotated_images/aedes/Aedes -862613.jpg,Aedes -862613.jpg,3120,4160,1378,1558,2147,2122,abdomen
bbox/annotated_images/aedes/Aedes -862613.jpg,Aedes -862613.jpg,3120,4160,2030,1551,2509,2057,lower
bbox/annotated_images/aedes/Aedes -862614.jpg,Aedes -862614.jpg,3120,4160,638,1559,987,1987,head
bbox/annotated_images/aedes/Aedes -862614.jpg,Aedes -862614.jpg,3120,4160,917,1464,1305,1955,thorax
bbox/annotated_images/aedes/Aedes -862614.jpg,Aedes -862614.jpg,3120,4160,1266,1237,2018,1818,abdomen
bbox/annotated_images/aedes/Aedes -862614.jpg,Aedes -862614.jpg,3120,4160,1904,1270,2341,1748,lower
bbox/annotated_images/aedes/Aedes -862615.jpg,Aedes -862615.jpg,3120,4160,1960,2313,2367,2686,head
bbox/annotated_images/aedes/Aedes -862615.jpg,Aedes -862615.jpg,3120,4160,1911,2048,2286,2356,thorax
bbox/annotated_images/aedes/Aedes -862615.jpg,Aedes -862615.jpg,3120,4160,1355,1324,2184,2077,abdomen
bbox/annotated_images/aedes/Aedes -862615.jpg,Aedes -862615.jpg,3120,4160,1027,1099,1441,1656,lower
bbox/annotated_images/aedes/Aedes -872407.jpg,Aedes -872407.jpg,2322,3096,1077,1075,1849,2161,abdomen
bbox/annotated_images/aedes/Aedes -872407.jpg,Aedes -872407.jpg,2322,3096,877,515,1702,1191,lower
bbox/annotated_images/aedes/Aedes -872409.jpg,Aedes -872409.jpg,4128,3096,769,1152,1482,1808,head
bbox/annotated_images/aedes/Aedes -872409.jpg,Aedes -872409.jpg,4128,3096,890,528,2199,1458,thorax
bbox/annotated_images/aedes/Aedes -872409.jpg,Aedes -872409.jpg,4128,3096,1812,620,2807,2368,abdomen
bbox/annotated_images/aedes/Aedes -872409.jpg,Aedes -872409.jpg,4128,3096,1204,1462,2094,2292,lower
bbox/annotated_images/aedes/Aedes -878267.jpg,Aedes -878267.jpg,3264,2448,6,1261,2190,2446,abdomen
bbox/annotated_images/aedes/Aedes -878267.jpg,Aedes -878267.jpg,3264,2448,1108,462,2891,1624,lower
bbox/annotated_images/aedes/Aedes -878268.jpg,Aedes -878268.jpg,3264,2448,1685,1188,2984,2448,abdomen
bbox/annotated_images/aedes/Aedes -878268.jpg,Aedes -878268.jpg,3264,2448,1051,602,2732,1484,lower
bbox/annotated_images/aedes/Aedes -887815.jpg,Aedes -887815.jpg,4864,2736,2044,1841,2598,2499,head
bbox/annotated_images/aedes/Aedes -887815.jpg,Aedes -887815.jpg,4864,2736,2278,1541,2866,2123,thorax
bbox/annotated_images/aedes/Aedes -887815.jpg,Aedes -887815.jpg,4864,2736,1892,639,2569,1623,abdomen
bbox/annotated_images/aedes/Aedes -887815.jpg,Aedes -887815.jpg,4864,2736,1889,301,2585,886,lower
bbox/annotated_images/aedes/Aedes -887816.jpg,Aedes -887816.jpg,4864,2736,1744,1471,2194,1961,head
bbox/annotated_images/aedes/Aedes -887816.jpg,Aedes -887816.jpg,4864,2736,1321,1537,1854,2190,thorax
bbox/annotated_images/aedes/Aedes -887816.jpg,Aedes -887816.jpg,4864,2736,1145,1069,2309,1656,abdomen
bbox/annotated_images/aedes/Aedes -887816.jpg,Aedes -887816.jpg,4864,2736,2310,473,3043,1413,lower
bbox/annotated_images/aedes/Aedes -892572.jpg,Aedes -892572.jpg,553,534,88,302,253,467,head
bbox/annotated_images/aedes/Aedes -892572.jpg,Aedes -892572.jpg,553,534,246,291,375,472,thorax
bbox/annotated_images/aedes/Aedes -892572.jpg,Aedes -892572.jpg,553,534,283,27,551,361,abdomen
bbox/annotated_images/aedes/Aedes -892572.jpg,Aedes -892572.jpg,553,534,350,315,493,457,lower
bbox/annotated_images/aedes/Aedes -901828.jpg,Aedes -901828.jpg,402,540,313,327,384,421,abdomen
bbox/annotated_images/aedes/Aedes -901828.jpg,Aedes -901828.jpg,402,540,138,233,312,453,lower
bbox/annotated_images/aedes/Aedes -944327.jpg,Aedes -944327.jpg,810,1440,170,481,393,722,head
bbox/annotated_images/aedes/Aedes -944327.jpg,Aedes -944327.jpg,810,1440,9,724,308,883,lower
bbox/annotated_images/aedes/Aedes -944327.jpg,Aedes -944327.jpg,810,1440,-2,785,59,936,abdomen
bbox/annotated_images/aedes/Aedes -944327.jpg,Aedes -944327.jpg,810,1440,3,397,265,719,thorax
bbox/annotated_images/aedes/Aedes -944328.jpg,Aedes -944328.jpg,810,1440,103,472,365,724,head
bbox/annotated_images/aedes/Aedes -944328.jpg,Aedes -944328.jpg,810,1440,3,375,279,660,thorax
bbox/annotated_images/aedes/Aedes -944328.jpg,Aedes -944328.jpg,810,1440,3,777,87,950,abdomen
bbox/annotated_images/aedes/Aedes -944328.jpg,Aedes -944328.jpg,810,1440,19,726,321,888,lower
bbox/annotated_images/aedes/Aedes -954469.jpg,Aedes -954469.jpg,720,960,138,233,436,476,abdomen
bbox/annotated_images/aedes/Aedes -954469.jpg,Aedes -954469.jpg,720,960,160,476,431,683,lower
bbox/annotated_images/aedes/Aedes -961149.jpg,Aedes -961149.jpg,2560,1920,969,432,1384,874,head
bbox/annotated_images/aedes/Aedes -961149.jpg,Aedes -961149.jpg,2560,1920,1069,684,1713,1241,thorax
bbox/annotated_images/aedes/Aedes -961149.jpg,Aedes -961149.jpg,2560,1920,707,1114,1634,1546,abdomen
bbox/annotated_images/aedes/Aedes -961150.jpg,Aedes -961150.jpg,1920,2560,3,199,1425,1740,lower
bbox/annotated_images/aedes/Aedes -961150.jpg,Aedes -961150.jpg,1920,2560,1201,526,1918,2407,abdomen
bbox/annotated_images/aedes/Aedes -961150.jpg,Aedes -961150.jpg,1920,2560,512,1610,1370,2401,thorax
bbox/annotated_images/aedes/Aedes -961150.jpg,Aedes -961150.jpg,1920,2560,14,1793,625,2413,head
bbox/annotated_images/aedes/Aedes -961151.jpg,Aedes -961151.jpg,2560,1920,692,477,2101,1916,lower
bbox/annotated_images/aedes/Aedes -961151.jpg,Aedes -961151.jpg,2560,1920,1191,2,2242,569,abdomen
bbox/annotated_images/aedes/Aedes -961151.jpg,Aedes -961151.jpg,2560,1920,2168,445,2435,1262,thorax
bbox/annotated_images/aedes/Aedes -961151.jpg,Aedes -961151.jpg,2560,1920,2193,1269,2435,1779,head
bbox/annotated_images/aedes/Aedes -961152.jpg,Aedes -961152.jpg,2560,1920,694,470,2103,1911,lower
bbox/annotated_images/aedes/Aedes -961152.jpg,Aedes -961152.jpg,2560,1920,1204,7,2235,569,abdomen
bbox/annotated_images/aedes/Aedes -961152.jpg,Aedes -961152.jpg,2560,1920,2153,442,2440,1279,thorax
bbox/annotated_images/aedes/Aedes -961152.jpg,Aedes -961152.jpg,2560,1920,2185,1284,2440,1784,head
bbox/annotated_images/aedes/Aedes -961153.jpg,Aedes -961153.jpg,1920,2560,6,1804,628,2407,head
bbox/annotated_images/aedes/Aedes -961153.jpg,Aedes -961153.jpg,1920,2560,531,1602,1358,2410,thorax
bbox/annotated_images/aedes/Aedes -961153.jpg,Aedes -961153.jpg,1920,2560,1181,526,1911,2410,abdomen
bbox/annotated_images/aedes/Aedes -961153.jpg,Aedes -961153.jpg,1920,2560,3,188,1411,1746,lower
bbox/annotated_images/aedes/Aedes -966007.jpg,Aedes -966007.jpg,1440,2560,158,709,704,1313,lower
bbox/annotated_images/aedes/Aedes -966007.jpg,Aedes -966007.jpg,1440,2560,523,1152,1351,1634,abdomen
bbox/annotated_images/aedes/Aedes -966009.jpg,Aedes -966009.jpg,1440,2560,147,346,1440,2201,lower
bbox/annotated_images/aedes/Aedes -966009.jpg,Aedes -966009.jpg,1440,2560,1113,28,1429,687,abdomen
bbox/annotated_images/aedes/Aedes -971174.jpg,Aedes -971174.jpg,3024,4032,1802,1954,2063,2296,head
bbox/annotated_images/aedes/Aedes -971174.jpg,Aedes -971174.jpg,3024,4032,1627,1736,1973,2074,thorax
bbox/annotated_images/aedes/Aedes -971174.jpg,Aedes -971174.jpg,3024,4032,593,571,857,996,lower
bbox/annotated_images/aedes/Aedes -971174.jpg,Aedes -971174.jpg,3024,4032,658,913,1741,1850,abdomen
bbox/annotated_images/aedes/Aedes -971177.jpg,Aedes -971177.jpg,3024,4032,1060,2304,1449,2716,head
bbox/annotated_images/aedes/Aedes -971177.jpg,Aedes -971177.jpg,3024,4032,1365,2176,1743,2661,thorax
bbox/annotated_images/aedes/Aedes -971177.jpg,Aedes -971177.jpg,3024,4032,1345,886,1691,1359,lower
bbox/annotated_images/aedes/Aedes -971177.jpg,Aedes -971177.jpg,3024,4032,1450,1261,2121,2475,abdomen
bbox/annotated_images/aedes/Aedes -991205.jpg,Aedes -991205.jpg,1920,2560,401,479,1239,1179,head
bbox/annotated_images/aedes/Aedes -991205.jpg,Aedes -991205.jpg,1920,2560,747,938,1339,1458,thorax
bbox/annotated_images/aedes/Aedes -991205.jpg,Aedes -991205.jpg,1920,2560,805,1466,1289,1698,abdomen
bbox/annotated_images/aedes/Aedes -991206.jpg,Aedes -991206.jpg,1920,2560,564,589,1474,1142,lower
bbox/annotated_images/aedes/Aedes -991206.jpg,Aedes -991206.jpg,1920,2560,1270,1001,1624,1435,abdomen
bbox/annotated_images/aedes/Aedes -991209.jpg,Aedes -991209.jpg,1920,2560,6,8,1918,2155,lower
bbox/annotated_images/aedes/Aedes -991209.jpg,Aedes -991209.jpg,1920,2560,1627,1411,1909,2155,abdomen
