http://webserver.mosquitoalert.com/media/tigapics/0073d899-fe6a-4c63-8aeb-80e8140cc2fb.jpg,Infirmatus,0.53
http://webserver.mosquitoalert.com/media/tigapics/015fb10a-9694-4f02-9fbb-a1090b2af471.jpg,Infirmatus,0.28
http://webserver.mosquitoalert.com/media/tigapics/019b751c-eee4-479d-92a4-7e18d455b473.jpg,Infirmatus,0.84
http://webserver.mosquitoalert.com/media/tigapics/022284f8-93f5-47bc-a5b5-aa484f28dc81.jpg,Infirmatus,0.57
http://webserver.mosquitoalert.com/media/tigapics/026d280f-f924-42d3-8cc1-26e8073a73c7.jpg,Aegypti,0.99
http://webserver.mosquitoalert.com/media/tigapics/03acf0a4-3d31-44bc-b197-cb196580cb84.jpg,Aegypti,0.98
http://webserver.mosquitoalert.com/media/tigapics/03e0d5cc-416d-4e42-b8cd-b4b6f67c51a9.jpg,Infirmatus,0.47
http://webserver.mosquitoalert.com/media/tigapics/0445d4ad-30a8-4c43-8075-21575b18f75c.jpg,Nigrip,0.52
http://webserver.mosquitoalert.com/media/tigapics/04e11662-ce0e-4d45-9b3e-468ec1c3c459.jpg,Nigrip,0.90
http://webserver.mosquitoalert.com/media/tigapics/068cc15d-a2c9-4079-acc1-8fc1218f448b.jpg,Aegypti,1.00
http://webserver.mosquitoalert.com/media/tigapics/0838833b-e02f-4e7f-bfe0-cd1095e97ff4.jpg,Infirmatus,0.42
http://webserver.mosquitoalert.com/media/tigapics/09407e0e-3161-45c0-a275-80eb6c4a91da.jpg,Infirmatus,0.55
http://webserver.mosquitoalert.com/media/tigapics/094198b7-9b90-409d-b206-681b7d55b69d.jpg,Nigrip,0.38
http://webserver.mosquitoalert.com/media/tigapics/099a437b-00c9-41f3-9ca2-83b12946ea97.jpg,Crucians,0.99
http://webserver.mosquitoalert.com/media/tigapics/0c744892-6993-40f0-a919-9a03ae5404df.jpg,Peturbans,0.24
http://webserver.mosquitoalert.com/media/tigapics/0c9c13af-f2b8-440e-91f7-86ec8dc37b8b.jpg,Infirmatus,0.77
http://webserver.mosquitoalert.com/media/tigapics/0d0bc36d-1436-4aa5-a986-18ef28d830e1.jpg,Aegypti,0.99
http://webserver.mosquitoalert.com/media/tigapics/0d940626-e0f8-4966-a70d-5aa97ce04c33.jpg,Infirmatus,0.43
http://webserver.mosquitoalert.com/media/tigapics/10c50c00-8e26-46f0-a494-82d1e40e7db7.jpg,Taeniorh,0.93
http://webserver.mosquitoalert.com/media/tigapics/1324dd6a-e6dd-4f91-9e4d-2f15985e69e9.jpeg,Infirmatus,0.44
http://webserver.mosquitoalert.com/media/tigapics/14354c99-58e0-4d78-b383-20e46b4da89a.jpg,Crucians,0.97
http://webserver.mosquitoalert.com/media/tigapics/15bec13f-efe6-4dd4-99a3-94dec13f87ad.jpg,Nigrip,0.41
http://webserver.mosquitoalert.com/media/tigapics/189d8103-b4c5-4c2b-ab02-41ad1a23b0bb.jpg,Infirmatus,0.66
http://webserver.mosquitoalert.com/media/tigapics/1b02ad4f-505b-4593-b70a-63602b338acb.jpg,Aegypti,0.51
http://webserver.mosquitoalert.com/media/tigapics/1d5c7196-5a3e-46ed-a66f-a0b809e3c0a0.jpg,Peturbans,0.35
http://webserver.mosquitoalert.com/media/tigapics/217a4e14-3c7d-4cde-9002-7ad9f76a79fa.jpg,Nigrip,0.47
http://webserver.mosquitoalert.com/media/tigapics/21d23ef1-192d-4201-8ea5-8b0e659e007b.jpg,Aegypti,0.96
http://webserver.mosquitoalert.com/media/tigapics/21dbe265-034d-4567-aa3f-8cff43095776.jpg,Nigrip,0.32
http://webserver.mosquitoalert.com/media/tigapics/22f766e1-fe81-4c36-89a9-f9e66c840699.jpg,Aegypti,0.71
http://webserver.mosquitoalert.com/media/tigapics/23591a35-9dca-421a-bc03-1c5a85aa0bf7.jpg,Peturbans,0.94
http://webserver.mosquitoalert.com/media/tigapics/23b9b50e-58e5-4a9e-8098-75277ce8910c.jpg,Nigrip,0.19
http://webserver.mosquitoalert.com/media/tigapics/24158442-e7a9-49ee-9352-c551e9c430a6.jpg,Nigrip,0.51
http://webserver.mosquitoalert.com/media/tigapics/248aad4e-e34c-4996-ab46-b28c873232e1.jpg,Infirmatus,0.35
http://webserver.mosquitoalert.com/media/tigapics/24c80057-4eef-4559-a764-eb40c23809e9.jpg,Nigrip,0.45
http://webserver.mosquitoalert.com/media/tigapics/26a5c107-13b2-4448-90eb-396df6faa7f5.jpg,Infirmatus,0.36
http://webserver.mosquitoalert.com/media/tigapics/26dd48d1-4746-48f5-8a51-339f6f2b7489.jpg,Nigrip,0.37
http://webserver.mosquitoalert.com/media/tigapics/2719f664-43e6-4a5f-8725-c1d35d07a835.jpg,Crucians,0.98
http://webserver.mosquitoalert.com/media/tigapics/298a6154-b36d-424a-b976-f2f6daac3f22.jpg,Taeniorh,0.19
http://webserver.mosquitoalert.com/media/tigapics/29941eba-5335-4280-9ec1-42a8e9455c25.jpg,Peturbans,0.40
http://webserver.mosquitoalert.com/media/tigapics/2a48c91e-a555-4469-9bf6-a3573fec3bc6.jpg,Infirmatus,0.46
http://webserver.mosquitoalert.com/media/tigapics/2ae021b3-51ff-48c8-a440-ff931d5017f5.jpg,Crucians,0.87
http://webserver.mosquitoalert.com/media/tigapics/2c417c2b-203b-4206-b2c7-bc06e66939be.jpg,Nigrip,0.37
http://webserver.mosquitoalert.com/media/tigapics/2cd577bb-f632-4b60-9698-c598099a9797.jpg,Nigrip,0.76
http://webserver.mosquitoalert.com/media/tigapics/2cea3b1b-5c05-46dc-844e-1e722a0234a6.jpg,Peturbans,0.75
http://webserver.mosquitoalert.com/media/tigapics/2d72cf50-4803-4286-a8af-9db6ecd69837.jpg,Aegypti,0.99
http://webserver.mosquitoalert.com/media/tigapics/2de54093-d571-4f11-a0aa-b243aaac0188.jpg,Nigrip,0.57
http://webserver.mosquitoalert.com/media/tigapics/2e2bd9dc-56a0-4f39-a9df-8b1a8bc4671f.jpg,Aegypti,1.00
http://webserver.mosquitoalert.com/media/tigapics/2fac55d3-98d3-4c81-95c0-ef743806c70a.jpg,Aegypti,0.44
http://webserver.mosquitoalert.com/media/tigapics/3218cb11-a38f-416a-b486-a6ae208cd55b.jpg,Aegypti,0.92
http://webserver.mosquitoalert.com/media/tigapics/322d4248-5845-4e54-9671-6a6739d90e8e.jpg,Infirmatus,0.57
http://webserver.mosquitoalert.com/media/tigapics/32fd2036-f762-49f8-8fee-3a336ea7434b.jpg,Infirmatus,0.68
http://webserver.mosquitoalert.com/media/tigapics/331fdd2c-9846-4d3b-8b60-130391553d8f.jpg,Aegypti,1.00
http://webserver.mosquitoalert.com/media/tigapics/3380d43a-ce37-46b0-be3c-594f511b9e15.jpg,Crucians,0.93
http://webserver.mosquitoalert.com/media/tigapics/3436759d-7fff-41ca-a109-695ac6ff43d7.jpg,Nigrip,0.39
http://webserver.mosquitoalert.com/media/tigapics/356bf7b5-4e83-4329-9a32-8a5f16f77f13.jpg,Aegypti,1.00
http://webserver.mosquitoalert.com/media/tigapics/35d94ba0-6bbe-4a6c-97ed-7cb7fa860dbe.jpg,Nigrip,0.29
http://webserver.mosquitoalert.com/media/tigapics/37e8a400-cefe-4c7b-a0af-fbc887967133.jpg,Nigrip,0.75
http://webserver.mosquitoalert.com/media/tigapics/38bc5c89-91b9-4f19-ad79-1e4e46919eb8.jpeg,Infirmatus,0.66
http://webserver.mosquitoalert.com/media/tigapics/38f2decb-1083-401a-8f03-f35bdb86308b.jpg,Nigrip,0.41
http://webserver.mosquitoalert.com/media/tigapics/3ab289f9-f1d8-40c7-ab04-b6464bb144e1.jpeg,Aegypti,0.83
http://webserver.mosquitoalert.com/media/tigapics/3aeda044-28a8-4fdb-bdcf-745b58729424.jpg,Nigrip,0.64
http://webserver.mosquitoalert.com/media/tigapics/3bc6dc23-c22e-4ce7-a2ed-7c6842056f3e.jpg,Aegypti,0.98
http://webserver.mosquitoalert.com/media/tigapics/3f556fb8-f6b0-441f-b5c5-027dcb73c0d2.jpg,Crucians,0.93
http://webserver.mosquitoalert.com/media/tigapics/40722b34-3ed2-487c-a461-3d4d9df5a1ac.jpg,Infirmatus,0.64
http://webserver.mosquitoalert.com/media/tigapics/40a944ce-8ffb-4447-b767-41985468fd10.jpg,Crucians,0.79
http://webserver.mosquitoalert.com/media/tigapics/40ecf7e4-fe48-496a-87e5-ea4aee4b492b.jpg,Infirmatus,0.47
http://webserver.mosquitoalert.com/media/tigapics/41a3ecab-871e-4b47-bf32-afb4619d349e.jpg,Aegypti,0.98
http://webserver.mosquitoalert.com/media/tigapics/42379eec-72a2-4c05-b62f-2ddc09a7a729.jpg,Infirmatus,0.62
http://webserver.mosquitoalert.com/media/tigapics/45070365-b152-40ba-8ca4-49e89b27f571.jpg,Infirmatus,0.65
http://webserver.mosquitoalert.com/media/tigapics/4551253b-48e0-414d-a4ef-9ccfe385b2e7.jpg,Nigrip,0.60
http://webserver.mosquitoalert.com/media/tigapics/45b9d190-5133-4307-80d7-56abd9a375b3.jpg,Nigrip,0.31
http://webserver.mosquitoalert.com/media/tigapics/465143b7-3804-4a27-be00-0a7a1d0d09a4.jpg,Crucians,0.84
http://webserver.mosquitoalert.com/media/tigapics/473be550-4ebb-4120-bf94-985ab1caaa4e.jpg,Aegypti,0.95
http://webserver.mosquitoalert.com/media/tigapics/47e57710-6d59-4018-a0a3-cfbfcb9294ee.jpg,Aegypti,0.99
http://webserver.mosquitoalert.com/media/tigapics/47e6babf-4076-41f7-b695-e827b0905d19.jpg,Infirmatus,0.29
http://webserver.mosquitoalert.com/media/tigapics/48abe62f-aa9e-4d6b-87ba-d5fbe01f0164.jpg,Infirmatus,0.37
http://webserver.mosquitoalert.com/media/tigapics/49334b1c-a4f4-408c-9804-be984aeac1db.jpg,Crucians,0.35
http://webserver.mosquitoalert.com/media/tigapics/4966a388-0b77-4dc2-87fa-b8ea1187ca3f.jpg,Crucians,0.81
http://webserver.mosquitoalert.com/media/tigapics/49de58ae-918f-4877-84b8-9a086ef283f5.jpg,Peturbans,0.95
http://webserver.mosquitoalert.com/media/tigapics/4bace6ef-6798-45f4-86f9-9a1a3525ac1c.jpg,Infirmatus,0.63
http://webserver.mosquitoalert.com/media/tigapics/4c06e461-751a-499d-a396-f3cb10dadf2a.jpg,Aegypti,0.70
http://webserver.mosquitoalert.com/media/tigapics/4c5cf235-06ba-4cef-90fa-415b24a96cf7.jpg,Peturbans,0.95
http://webserver.mosquitoalert.com/media/tigapics/4c9d1e73-a1b3-4d07-ac68-bc073780a587.jpg,Peturbans,0.37
http://webserver.mosquitoalert.com/media/tigapics/4e1f08d9-fea9-4320-9336-eae205c9ac41.jpg,Aegypti,0.86
http://webserver.mosquitoalert.com/media/tigapics/4e5d1231-b10a-4220-bdc5-1a8a9f474c58.jpg,Crucians,0.65
http://webserver.mosquitoalert.com/media/tigapics/4fa32491-dc90-4e7c-95a1-c40b5c059f21.jpg,Peturbans,0.90
http://webserver.mosquitoalert.com/media/tigapics/500ebab2-5b04-4444-bf3b-58c4019f3847.jpg,Nigrip,0.60
http://webserver.mosquitoalert.com/media/tigapics/5010a282-e02c-420e-a958-855693c59011.jpg,Nigrip,0.71
http://webserver.mosquitoalert.com/media/tigapics/506a5521-f6a0-45e6-bc36-882bb50b0f7c.jpg,Aegypti,0.72
http://webserver.mosquitoalert.com/media/tigapics/509cdf37-a8df-4212-a854-553570c04dcb.jpg,Taeniorh,0.69
http://webserver.mosquitoalert.com/media/tigapics/50d530c1-a252-42e2-92d9-96edd7d81020.jpg,Nigrip,0.29
http://webserver.mosquitoalert.com/media/tigapics/521b82d9-4944-4868-bc0e-7a0a6dcb15b4.jpg,Crucians,0.50
http://webserver.mosquitoalert.com/media/tigapics/522b00bb-abd3-44c6-b408-949497934e32.jpg,Infirmatus,0.30
http://webserver.mosquitoalert.com/media/tigapics/527257c4-2138-4b6c-b1ca-1dd478ced822.jpg,Crucians,1.00
http://webserver.mosquitoalert.com/media/tigapics/52a73bff-90ee-4f5d-94ed-c231c2a672e4.jpg,Nigrip,0.57
http://webserver.mosquitoalert.com/media/tigapics/539cdd0f-5431-4ed4-b4ba-eabb045765d2.jpg,Aegypti,0.98
http://webserver.mosquitoalert.com/media/tigapics/53a4468b-544f-4b8b-9749-cd68e9541d34.jpg,Peturbans,0.55
http://webserver.mosquitoalert.com/media/tigapics/53d81542-c7b9-4277-b633-6d5efe583df3.jpg,Taeniorh,0.47
http://webserver.mosquitoalert.com/media/tigapics/552a0612-4071-4d4b-8b08-98f020aaa7d3.jpg,Aegypti,1.00
http://webserver.mosquitoalert.com/media/tigapics/58f11341-30da-46cf-a0c3-241441e73629.jpg,Infirmatus,0.30
http://webserver.mosquitoalert.com/media/tigapics/5a9fc841-17cf-4d01-b44c-abcb7621cf0d.jpg,Nigrip,0.30
http://webserver.mosquitoalert.com/media/tigapics/5b4418de-05e0-49c3-99a8-d232fda33882.jpg,Aegypti,0.98
http://webserver.mosquitoalert.com/media/tigapics/5bb058a2-eb2e-4e72-9d4c-afd0bebbadb5.jpg,Nigrip,0.30
http://webserver.mosquitoalert.com/media/tigapics/5c9b2328-2b77-4057-98f7-d7605e98dc19.jpg,Crucians,0.59
http://webserver.mosquitoalert.com/media/tigapics/5d688e59-e885-4aa0-8cc2-12689ae25d75.jpg,Infirmatus,0.60
http://webserver.mosquitoalert.com/media/tigapics/5db12add-8699-4004-b61b-e35d5d82b66b.jpg,Nigrip,0.55
http://webserver.mosquitoalert.com/media/tigapics/5ec78e1a-1604-4fa0-a9ff-3af3cb192d4d.jpg,Crucians,0.80
http://webserver.mosquitoalert.com/media/tigapics/5f6b9da5-95c4-4635-af51-895c2fa32411.jpg,Aegypti,0.96
http://webserver.mosquitoalert.com/media/tigapics/5f97c636-024f-4e16-a703-e15483459825.jpg,Crucians,0.46
http://webserver.mosquitoalert.com/media/tigapics/5fa32ae6-091e-4093-8788-bb3f34013f63.jpg,Aegypti,0.61
http://webserver.mosquitoalert.com/media/tigapics/5fa87402-3206-43ba-b5a1-a78ace91ece9.jpg,Infirmatus,0.43
http://webserver.mosquitoalert.com/media/tigapics/6006b604-e30a-4dcc-804f-ad100af525c0.jpg,Taeniorh,0.96
http://webserver.mosquitoalert.com/media/tigapics/615c3ea3-3ddb-4e50-9625-51685f0f07f4.jpg,Crucians,0.27
http://webserver.mosquitoalert.com/media/tigapics/616002b9-3f03-4b26-a828-7540688e11cf.jpg,Crucians,1.00
http://webserver.mosquitoalert.com/media/tigapics/626e1b24-d2b6-4161-ad1d-48e9614f19da.jpg,Infirmatus,0.78
http://webserver.mosquitoalert.com/media/tigapics/64727d69-ed57-4645-b8a9-08725c84d5a8.jpg,Crucians,0.73
http://webserver.mosquitoalert.com/media/tigapics/654b8d11-84fc-4aa1-84c7-8bcea40fd512.jpg,Nigrip,0.41
http://webserver.mosquitoalert.com/media/tigapics/665031ba-b816-47b6-863e-22a7d828d304.jpg,Crucians,0.89
http://webserver.mosquitoalert.com/media/tigapics/67559844-fc62-448b-9d78-41eb3fbe879d.jpg,Aegypti,0.98
http://webserver.mosquitoalert.com/media/tigapics/68632626-82bf-47d5-a57a-af446aa56bd4.jpg,Aegypti,0.91
http://webserver.mosquitoalert.com/media/tigapics/68c65438-d738-4500-a9c5-330fa93693b6.jpg,Aegypti,0.66
http://webserver.mosquitoalert.com/media/tigapics/69e89121-bca9-4566-b2dd-7362f0675706.jpg,Taeniorh,0.76
http://webserver.mosquitoalert.com/media/tigapics/6b9a18b6-bfa0-489a-bc23-413e9a63fcb4.jpg,Infirmatus,0.34
http://webserver.mosquitoalert.com/media/tigapics/6d69b8de-2831-4077-9e6c-0b382d70613b.jpg,Infirmatus,0.61
http://webserver.mosquitoalert.com/media/tigapics/6dc04fc2-41ac-4c61-a4e9-6c47aa819db2.jpg,Crucians,1.00
http://webserver.mosquitoalert.com/media/tigapics/6e57a452-d12b-4e73-b620-8b12c5045914.jpg,Nigrip,0.54
http://webserver.mosquitoalert.com/media/tigapics/6e9bb8e7-7408-44f3-b24b-1d11ea279609.jpg,Aegypti,0.77
http://webserver.mosquitoalert.com/media/tigapics/6f3f3d58-a7d1-49ec-a629-97feaa00231a.jpg,Nigrip,0.70
http://webserver.mosquitoalert.com/media/tigapics/6fbdb619-3fc1-4e3f-92cf-a5a474a593bc.jpg,Crucians,0.84
http://webserver.mosquitoalert.com/media/tigapics/70dd331d-afd2-4883-9442-2f456aee8f7d.jpg,Crucians,0.54
http://webserver.mosquitoalert.com/media/tigapics/71a892ae-c38a-44d6-8180-537a93fcd047.jpg,Aegypti,1.00
http://webserver.mosquitoalert.com/media/tigapics/71c9c5d8-e10d-4626-8e38-e8448f059b87.jpg,Aegypti,0.71
http://webserver.mosquitoalert.com/media/tigapics/72922949-6780-4f16-9ac0-a2ffdebc8e0e.jpg,Peturbans,0.46
http://webserver.mosquitoalert.com/media/tigapics/7327194f-cfbd-4db4-a41f-44a00d870fcf.jpg,Crucians,0.73
http://webserver.mosquitoalert.com/media/tigapics/7335e21b-2b68-4156-9fb2-825751f2e3c3.jpg,Aegypti,0.98
http://webserver.mosquitoalert.com/media/tigapics/759ac409-0618-42cb-a07b-798c62f8a308.jpg,Aegypti,1.00
http://webserver.mosquitoalert.com/media/tigapics/75f3e162-9c5a-422f-8b75-c3936fe491c7.jpg,Aegypti,0.54
http://webserver.mosquitoalert.com/media/tigapics/766f4988-d263-44b2-9182-526ba0e8372f.jpg,Aegypti,0.99
http://webserver.mosquitoalert.com/media/tigapics/76fc1379-abe4-44f2-bbc5-904866625af9.jpg,Aegypti,0.70
http://webserver.mosquitoalert.com/media/tigapics/77f1bbe4-f3c1-4944-ba7e-fab3fa1fe0e2.jpg,Taeniorh,0.92
http://webserver.mosquitoalert.com/media/tigapics/79184751-54a8-49d2-9b76-2d4ace87d34f.jpg,Infirmatus,0.76
http://webserver.mosquitoalert.com/media/tigapics/79bc0567-7855-4424-83eb-1318c06ef25f.jpg,Nigrip,0.41
http://webserver.mosquitoalert.com/media/tigapics/7a043976-0a77-44eb-b3a3-968e210deb0b.jpg,Nigrip,0.45
http://webserver.mosquitoalert.com/media/tigapics/7ba990ee-298c-46ea-9052-ad6503bb91bb.jpg,Nigrip,0.33
http://webserver.mosquitoalert.com/media/tigapics/7bb43c0e-3d97-480e-88e4-eb5c0d307343.jpg,Infirmatus,0.77
http://webserver.mosquitoalert.com/media/tigapics/7c5918a1-d8dc-4ec7-b7eb-babd47cbc7d4.jpg,Aegypti,0.96
http://webserver.mosquitoalert.com/media/tigapics/7cf84263-0533-4e95-bfe9-532cacdb36b9.jpg,Peturbans,0.77
http://webserver.mosquitoalert.com/media/tigapics/7d5e56cc-b4e7-48e9-b448-0a630b25e8bc.jpg,Peturbans,0.44
http://webserver.mosquitoalert.com/media/tigapics/7d690274-3b27-4da4-bc2b-8e70466437c5.jpg,Crucians,0.68
http://webserver.mosquitoalert.com/media/tigapics/7d6d981a-4177-4668-b64d-67f0c61253c0.jpg,Nigrip,0.68
http://webserver.mosquitoalert.com/media/tigapics/7f7096fd-dd86-4927-9d44-19fdbd5c6f5a.jpg,Nigrip,0.42
http://webserver.mosquitoalert.com/media/tigapics/8014da02-79f6-4442-8291-141b7c8b80dd.jpg,Nigrip,0.79
http://webserver.mosquitoalert.com/media/tigapics/80311d58-2ae0-44d6-b70a-981d0cde1b1f.jpg,Crucians,1.00
http://webserver.mosquitoalert.com/media/tigapics/817e6ae6-4571-4d68-8e53-7d3321d625e5.jpg,Peturbans,0.27
http://webserver.mosquitoalert.com/media/tigapics/81b81096-0714-438b-8eff-12fd22a4a996.jpg,Nigrip,0.38
http://webserver.mosquitoalert.com/media/tigapics/82c12d05-55db-422b-96dd-861063134bb2.jpg,Peturbans,0.38
http://webserver.mosquitoalert.com/media/tigapics/855dd77c-6eb4-482c-89a4-bdb9c2bb5e04.jpg,Infirmatus,0.96
http://webserver.mosquitoalert.com/media/tigapics/85727a28-5df6-4bf2-b010-d8df7b2982dc.jpg,Aegypti,0.68
http://webserver.mosquitoalert.com/media/tigapics/86178c2f-3e36-4202-8af4-075c9d616613.jpg,Peturbans,0.98
http://webserver.mosquitoalert.com/media/tigapics/87516c79-6c83-41a9-9109-f0b441fd98d5.jpg,Aegypti,0.99
http://webserver.mosquitoalert.com/media/tigapics/87b8f0d7-7ffd-423c-93dd-ffbcb358be57.jpg,Nigrip,0.46
http://webserver.mosquitoalert.com/media/tigapics/87ba0ee8-54e5-4a51-ac6f-bd707fa7f56f.jpg,Crucians,0.73
http://webserver.mosquitoalert.com/media/tigapics/8bb441ec-366d-4c1c-8904-0724b898b26d.jpg,Aegypti,0.99
http://webserver.mosquitoalert.com/media/tigapics/8c2dc1a9-c9f4-48fa-833e-4b25e6067979.jpg,Aegypti,1.00
http://webserver.mosquitoalert.com/media/tigapics/8d587f2f-8a31-4783-b16f-5bccc334affa.jpg,Nigrip,0.41
http://webserver.mosquitoalert.com/media/tigapics/9142f5a7-5ba6-49ee-a488-bdb39e0e114d.jpg,Aegypti,0.96
http://webserver.mosquitoalert.com/media/tigapics/91e22f53-d5f4-41d8-ad5a-fbb2dfeabadf.jpg,Nigrip,0.50
http://webserver.mosquitoalert.com/media/tigapics/92133086-1282-4998-8f45-fccbd4624ade.jpg,Crucians,0.92
http://webserver.mosquitoalert.com/media/tigapics/921c5a6e-0d5e-4069-a6b5-0017dd722526.jpg,Infirmatus,0.58
http://webserver.mosquitoalert.com/media/tigapics/9320e7b5-34d0-41c2-829b-b189a49fe058.jpg,Crucians,0.97
http://webserver.mosquitoalert.com/media/tigapics/9388a7c7-81fb-4869-89bd-54677ef7056a.jpg,Peturbans,0.99
http://webserver.mosquitoalert.com/media/tigapics/94ef8a51-71f0-483f-8e1b-175592f8a015.jpg,Nigrip,0.26
http://webserver.mosquitoalert.com/media/tigapics/9609a8e7-9d79-4895-9337-0411ea153be5.jpg,Crucians,0.78
http://webserver.mosquitoalert.com/media/tigapics/963bd7cd-6528-465c-884f-06b914734318.jpg,Peturbans,0.96
http://webserver.mosquitoalert.com/media/tigapics/9761272f-9aea-42d9-85bd-cdba1380486e.jpg,Crucians,0.88
http://webserver.mosquitoalert.com/media/tigapics/986790bb-50da-4e71-bdce-589b8fef02c7.jpg,Aegypti,0.99
http://webserver.mosquitoalert.com/media/tigapics/98d34e21-6998-4da9-8b53-14229f394a55.jpg,Nigrip,0.30
http://webserver.mosquitoalert.com/media/tigapics/99895f85-c7f1-45a1-812f-b5a8df856684.jpg,Nigrip,0.30
http://webserver.mosquitoalert.com/media/tigapics/9b71f2b7-973c-4c08-91b5-f6989f3dda19.jpg,Aegypti,0.97
http://webserver.mosquitoalert.com/media/tigapics/9be33ffa-8c2c-4525-b802-c8515b3cdff5.jpg,Infirmatus,0.79
http://webserver.mosquitoalert.com/media/tigapics/9c540f59-9ea8-4478-adb4-a5fe1201e5fb.jpg,Nigrip,0.77
http://webserver.mosquitoalert.com/media/tigapics/9c821380-5c87-4230-9eab-7fd122c4df2c.jpg,Crucians,1.00
http://webserver.mosquitoalert.com/media/tigapics/9cfcbe41-88ba-4aa3-a720-2b32eecbdadd.jpg,Infirmatus,0.42
http://webserver.mosquitoalert.com/media/tigapics/9d155ac6-1146-46fc-88de-a4def5e39713.jpg,Nigrip,0.39
http://webserver.mosquitoalert.com/media/tigapics/9f2061d0-fed2-4247-a6f2-f529b641bbe7.jpg,Crucians,0.91
http://webserver.mosquitoalert.com/media/tigapics/a23702a8-c450-42e2-8aad-6adba03cb252.jpg,Crucians,0.49
http://webserver.mosquitoalert.com/media/tigapics/a3409bb6-3cb7-4812-8a5f-a2e6cd9f8030.jpg,Crucians,0.56
http://webserver.mosquitoalert.com/media/tigapics/a62a92f8-3462-41ca-9cdc-3c41a4b5ebf6.jpg,Nigrip,0.48
http://webserver.mosquitoalert.com/media/tigapics/a83a9810-657e-4cdf-9a42-8feab4db18f2.jpg,Nigrip,0.18
http://webserver.mosquitoalert.com/media/tigapics/a8dc0fd1-d7bc-43a8-8eaa-72ebb5a82303.jpg,Aegypti,1.00
http://webserver.mosquitoalert.com/media/tigapics/a909dc81-886e-46b2-a141-8d223b058ab4.jpg,Crucians,0.67
http://webserver.mosquitoalert.com/media/tigapics/a96b2843-71af-4f20-a415-a56d7b864e66.jpg,Nigrip,0.45
http://webserver.mosquitoalert.com/media/tigapics/a9d09fb4-4d0d-40d6-8ab6-546fcf5041da.jpg,Crucians,0.66
http://webserver.mosquitoalert.com/media/tigapics/aa5d673d-7446-4fe2-bb0d-740e36d0f47e.jpg,Aegypti,0.80
http://webserver.mosquitoalert.com/media/tigapics/aa6220cb-944f-4d79-a2ed-cfbfc2083699.jpg,Aegypti,1.00
http://webserver.mosquitoalert.com/media/tigapics/ab325446-d6ed-4e52-bac8-9a662bdc8837.jpg,Nigrip,0.43
http://webserver.mosquitoalert.com/media/tigapics/ac13f776-e421-4551-969b-a1a2a8530c26.jpg,Aegypti,0.99
http://webserver.mosquitoalert.com/media/tigapics/acac4172-6501-492c-a880-2ff87b554a62.jpg,Aegypti,0.59
http://webserver.mosquitoalert.com/media/tigapics/acf9b834-a686-4701-a6cd-859b4fa4e80f.jpg,Infirmatus,0.57
http://webserver.mosquitoalert.com/media/tigapics/adf24451-322b-4a4f-b939-539a12cd15e2.jpg,Peturbans,0.46
http://webserver.mosquitoalert.com/media/tigapics/adfd54ab-4ec3-445a-b38e-5c6d4b8b8cd0.jpg,Infirmatus,0.83
http://webserver.mosquitoalert.com/media/tigapics/ae30dd11-8ead-4387-8311-8a8ce181bf5f.png,Aegypti,0.53
http://webserver.mosquitoalert.com/media/tigapics/b1eb0352-8073-4093-9457-97337660686b.jpg,Nigrip,0.34
http://webserver.mosquitoalert.com/media/tigapics/b3536af3-562d-403b-ace6-8da629632593.jpg,Nigrip,0.35
http://webserver.mosquitoalert.com/media/tigapics/b3a6abff-d79b-4d82-a392-f6dfc1400fba.jpg,Nigrip,0.33
http://webserver.mosquitoalert.com/media/tigapics/b3e56f15-e279-4c6b-9ccf-b4cdd2d78edf.jpg,Infirmatus,0.63
http://webserver.mosquitoalert.com/media/tigapics/b53cdc4d-de23-4e8c-8883-d68945cb014a.jpg,Infirmatus,0.34
http://webserver.mosquitoalert.com/media/tigapics/b53e6899-7e5e-49e7-bcb1-78a252630d13.jpg,Nigrip,0.31
http://webserver.mosquitoalert.com/media/tigapics/b7b03d7d-b6bc-4172-aeba-4d8ce2f26dce.jpg,Nigrip,0.45
http://webserver.mosquitoalert.com/media/tigapics/b90a80a8-4c9c-432e-9dcc-39b4feecc4ef.jpg,Infirmatus,0.34
http://webserver.mosquitoalert.com/media/tigapics/ba11579f-385a-4aad-bd6a-debf1206473f.jpg,Taeniorh,0.47
http://webserver.mosquitoalert.com/media/tigapics/ba98c416-fa3f-4ff7-ad7a-e54835217094.jpg,Aegypti,0.98
http://webserver.mosquitoalert.com/media/tigapics/bbaa73f4-b7c4-4fdf-8b04-f0679ba22c9c.jpg,Nigrip,0.52
http://webserver.mosquitoalert.com/media/tigapics/bd207a5a-9dc0-40bc-94bf-f442488d2d8d.jpg,Nigrip,0.67
http://webserver.mosquitoalert.com/media/tigapics/bd38baf4-0fe4-4429-9ed7-82be28e4aa86.jpg,Infirmatus,0.34
http://webserver.mosquitoalert.com/media/tigapics/bdb194a7-0318-4a4d-8b90-19e1ede7c1a1.jpg,Nigrip,0.26
http://webserver.mosquitoalert.com/media/tigapics/be89c28d-7662-4f3b-9064-8e5090831201.jpg,Crucians,0.95
http://webserver.mosquitoalert.com/media/tigapics/bfb71bef-0cea-47a4-bc84-6d2ae2a9ef08.jpg,Aegypti,0.99
http://webserver.mosquitoalert.com/media/tigapics/bfc47bc9-ecd5-4281-bca1-4c3e6c1fd320.jpg,Nigrip,0.56
http://webserver.mosquitoalert.com/media/tigapics/c0568a34-3395-4aa0-b809-9641cd43a020.jpg,Crucians,0.62
http://webserver.mosquitoalert.com/media/tigapics/c0f86491-dd7e-4bf6-b5a4-97702acf4532.jpg,Aegypti,0.99
http://webserver.mosquitoalert.com/media/tigapics/c1e5e09b-668a-4646-bf78-4f78c60e060e.jpg,Aegypti,0.35
http://webserver.mosquitoalert.com/media/tigapics/c204fbc7-4aa2-4ea5-acc4-3e9b6a79a771.jpg,Taeniorh,0.26
http://webserver.mosquitoalert.com/media/tigapics/c212b4d2-45ea-4cf0-9db0-5f564c91168b.png,Nigrip,0.89
http://webserver.mosquitoalert.com/media/tigapics/c262c2c5-a276-4d2d-b560-c26aa732079d.jpg,Aegypti,0.96
http://webserver.mosquitoalert.com/media/tigapics/c274f143-d6fd-4a40-a548-a477bf4d34d2.jpg,Peturbans,0.61
http://webserver.mosquitoalert.com/media/tigapics/c5224f3e-e7e0-4a66-8f06-8e91dc953e90.jpg,Nigrip,0.37
http://webserver.mosquitoalert.com/media/tigapics/c682ff8a-1bcf-4abe-b4bc-0e0d87eef655.jpg,Crucians,0.61
http://webserver.mosquitoalert.com/media/tigapics/cabdfb23-ab48-448d-b788-5b0b4aa8de09.jpg,Crucians,0.80
http://webserver.mosquitoalert.com/media/tigapics/cb137729-abc2-4bc0-9af0-54738dbdeae1.jpg,Nigrip,0.77
http://webserver.mosquitoalert.com/media/tigapics/cb1f1fb0-e13a-491b-b6a2-db6e6c5b6cf9.jpg,Nigrip,0.50
http://webserver.mosquitoalert.com/media/tigapics/cba89feb-ea9a-4d35-9892-174f5aec6a61.jpg,Aegypti,0.86
http://webserver.mosquitoalert.com/media/tigapics/cbda2374-04af-48fc-ad39-97d21f9cdf04.jpg,Crucians,0.96
http://webserver.mosquitoalert.com/media/tigapics/cc5c7a06-312d-45c0-97a7-5d88730142ef.jpg,Peturbans,0.45
http://webserver.mosquitoalert.com/media/tigapics/ccd4ac0e-710e-4857-b519-57118bef9bd6.jpg,Taeniorh,0.81
http://webserver.mosquitoalert.com/media/tigapics/cf402712-a8c6-45a4-8616-08138a42dca7.jpg,Crucians,1.00
http://webserver.mosquitoalert.com/media/tigapics/cfd68b7a-3d4c-4a92-b9d2-882fc5d86dbf.jpg,Aegypti,0.92
http://webserver.mosquitoalert.com/media/tigapics/d1758ae8-1734-442d-848b-d11151a4aa63.jpg,Nigrip,0.34
http://webserver.mosquitoalert.com/media/tigapics/d3036ef1-5876-4444-b095-742334d87238.jpg,Nigrip,0.56
http://webserver.mosquitoalert.com/media/tigapics/d3a73882-7422-4403-a3d7-3663401ae502.jpg,Peturbans,0.54
http://webserver.mosquitoalert.com/media/tigapics/d4034ec5-a2ef-45a2-8c83-e8148b109e74.jpg,Aegypti,0.28
http://webserver.mosquitoalert.com/media/tigapics/d495a170-0eb4-498d-b802-773b72dc8ca4.jpg,Nigrip,0.60
http://webserver.mosquitoalert.com/media/tigapics/d4c85b1b-9d68-425b-ae3c-b8c3237e7ea8.jpg,Aegypti,1.00
http://webserver.mosquitoalert.com/media/tigapics/d58b71b0-4f76-4fc0-b23e-d481b066c250.jpg,Crucians,0.67
http://webserver.mosquitoalert.com/media/tigapics/d62c44c1-6a92-45e9-ad8d-ee90aa873a7f.jpg,Aegypti,0.97
http://webserver.mosquitoalert.com/media/tigapics/d66d260f-bce5-496e-aad6-e712a3cd3cbd.jpg,Peturbans,0.91
http://webserver.mosquitoalert.com/media/tigapics/d76423d4-9194-4b72-a3f6-a6d4a7cddfa8.jpg,Nigrip,0.33
http://webserver.mosquitoalert.com/media/tigapics/d86231d0-4ed0-460e-b462-5f90ac58ef2c.jpg,Nigrip,0.37
http://webserver.mosquitoalert.com/media/tigapics/d9161b92-1768-4031-a53d-0d0b4c256192.jpg,Nigrip,0.24
http://webserver.mosquitoalert.com/media/tigapics/d926c5a4-d59c-48c8-83c3-071b65521f3c.jpg,Aegypti,0.88
http://webserver.mosquitoalert.com/media/tigapics/da19595c-44ef-4a98-9069-be4ff70287ba.jpg,Peturbans,0.96
http://webserver.mosquitoalert.com/media/tigapics/dafe49f5-173a-41fc-bab7-11b2ee4b1e7e.jpg,Peturbans,0.32
http://webserver.mosquitoalert.com/media/tigapics/dba1c25d-d986-41ea-a2cd-8a830c4eb9ba.jpg,Nigrip,0.36
http://webserver.mosquitoalert.com/media/tigapics/dbfe28ea-1a51-4ed6-a1ec-f655fa4b40ab.jpg,Infirmatus,0.65
http://webserver.mosquitoalert.com/media/tigapics/df4f6f6b-a354-4fa6-876d-61c3b1fc4355.jpg,Aegypti,0.99
http://webserver.mosquitoalert.com/media/tigapics/e51311f0-b7ee-4a92-a905-65d8fbe25065.jpg,Aegypti,0.92
http://webserver.mosquitoalert.com/media/tigapics/e57aa43a-68fc-46f5-b134-3b3b94db7854.jpg,Infirmatus,0.39
http://webserver.mosquitoalert.com/media/tigapics/e6e65a94-b8fc-4e3c-be1e-e6b4f313ec7d.jpg,Nigrip,0.27
http://webserver.mosquitoalert.com/media/tigapics/e702a5fe-3d39-4d32-869b-ff511d5a01ad.jpg,Crucians,0.74
http://webserver.mosquitoalert.com/media/tigapics/e70cc727-7c1d-4c55-910c-b3199b18d55e.jpg,Aegypti,0.39
http://webserver.mosquitoalert.com/media/tigapics/e7952633-d335-4186-ad3c-8f23c9d54642.jpg,Crucians,0.91
http://webserver.mosquitoalert.com/media/tigapics/eaabea20-1741-4f02-b548-f24be282966e.jpg,Peturbans,0.99
http://webserver.mosquitoalert.com/media/tigapics/eb622213-5a5c-4e0d-998d-c4c3822584f1.jpg,Crucians,0.81
http://webserver.mosquitoalert.com/media/tigapics/ec7c3f5d-99d2-45bd-95e9-babfaf4e1dd5.jpg,Crucians,0.76
http://webserver.mosquitoalert.com/media/tigapics/ed00f651-8cc4-466a-b2fb-ea65fd295ee1.jpg,Infirmatus,0.56
http://webserver.mosquitoalert.com/media/tigapics/edd928de-0dc7-479e-8d0e-818ad267c436.jpg,Crucians,0.89
http://webserver.mosquitoalert.com/media/tigapics/ee6af6ee-4958-42fa-8a3b-28438cce715b.jpg,Aegypti,1.00
http://webserver.mosquitoalert.com/media/tigapics/ee8dcd69-897c-45c7-a2ae-c1af69a88146.jpg,Crucians,0.77
http://webserver.mosquitoalert.com/media/tigapics/ef91f832-f18d-4558-ab1f-2b228c41904a.jpg,Aegypti,0.94
http://webserver.mosquitoalert.com/media/tigapics/f1432319-a766-4fa0-9960-126e4d921a5e.jpg,Peturbans,0.89
http://webserver.mosquitoalert.com/media/tigapics/f16aa44b-5be5-4f2d-b4cc-263ad20cb0b9.jpg,Nigrip,0.45
http://webserver.mosquitoalert.com/media/tigapics/f2597b0f-3441-4931-a4d1-69d0c8bfc59b.jpg,Infirmatus,0.35
http://webserver.mosquitoalert.com/media/tigapics/f2fa7c6b-3456-49ea-a5b8-dc2d581155b8.jpg,Peturbans,0.98
http://webserver.mosquitoalert.com/media/tigapics/f328aa7f-15e0-4f22-a8bb-dd6921931462.jpg,Crucians,0.92
http://webserver.mosquitoalert.com/media/tigapics/f54f54d0-0000-4d24-b48b-66390f84fded.jpg,Nigrip,0.31
http://webserver.mosquitoalert.com/media/tigapics/f57d58e5-c515-4acd-8a53-43000082f3e2.jpg,Infirmatus,0.86
http://webserver.mosquitoalert.com/media/tigapics/f5cab2d5-8730-4a94-947f-9172ae34659d.jpg,Crucians,0.50
http://webserver.mosquitoalert.com/media/tigapics/f6759094-d465-43d5-ac4d-b8d0dce8afb3.jpg,Infirmatus,0.93
http://webserver.mosquitoalert.com/media/tigapics/f802ad01-e14b-447c-963d-09eccd7c1a22.jpg,Nigrip,0.91
http://webserver.mosquitoalert.com/media/tigapics/f88504a8-8e36-4bcb-a18b-578db7c4eb07.jpg,Crucians,1.00
http://webserver.mosquitoalert.com/media/tigapics/f9f10b3d-33cc-483c-ae4d-5a94f20f1419.jpg,Aegypti,0.85
http://webserver.mosquitoalert.com/media/tigapics/fc7e2576-fa1b-49b9-a094-7100d1baa8cb.jpg,Aegypti,0.41
http://webserver.mosquitoalert.com/media/tigapics/fd055bd1-99ec-41ab-9ccb-36f1f0be6ef4.jpg,Nigrip,0.40
http://webserver.mosquitoalert.com/media/tigapics/ffd3cb74-2761-4c61-8aa3-ef76d3ac5772.jpg,Peturbans,0.31
